id,date,year,month,provinsi,kabupaten,kode_kabupaten,kode_provinsi,jenis_bencana,meninggal,hilang,luka_sakit,mengungsi,rumah_rusak_berat,rumah_rusak_sedang,rumah_rusak_ringan,rumah_terendam
08f8b45b-b9a0-41ff-a490-359254ccd90d,2026-06-08,2026,6,Sulawesi Utara,Kepulauan Sangihe,71.03,71,Gempabumi,0,0,0,1575,54,21,8,0
29ea178a-15c0-4b0c-8fa5-a791e56c114a,2026-06-08,2026,6,Sulawesi Utara,Minahasa Utara,71.06,71,Gempabumi,0,0,0,0,0,0,0,0
29acb103-c5df-4c7a-9d5b-61f9ef2ecdae,2026-06-08,2026,6,Sulawesi Utara,Kota Manado,71.71,71,Gempabumi,0,0,0,0,0,0,0,0
c382fe6f-3a71-4189-aa6b-1fe6d363e158,2026-06-08,2026,6,Sulawesi Utara,Kepulauan Talaud,71.04,71,Gempabumi,0,0,0,60,0,0,12,0
5e717181-4fab-4121-a871-51d7f8b7058b,2026-04-08,2026,4,Nusa Tenggara Timur,Lembata,53.13,53,Gempabumi,0,0,0,151,6,0,29,0
c703ed08-9840-4770-bfcb-9cb10e14d4f9,2026-04-08,2026,4,Nusa Tenggara Timur,Flores Timur,53.06,53,Gempabumi,0,0,18,3434,3,45,608,0
28c01bde-34cb-4042-a7f4-e1222a7e8bd0,2026-04-02,2026,4,Maluku Utara,Halmahera Selatan,82.04,82,Gempabumi,0,0,0,4,0,2,1,0
14f3d56b-142b-4f1c-90f5-56f6a3812a6b,2026-04-02,2026,4,Sulawesi Utara,Minahasa,71.02,71,Gempabumi,0,0,3,1020,0,4,38,0
2caac34b-3c2c-4191-809f-1fe5feb0e1da,2026-04-02,2026,4,Maluku Utara,Halmahera Tengah,82.02,82,Gempabumi,0,0,0,40,2,5,1,0
deb5ba93-99b3-448e-83c2-7e99bb4b2c2a,2026-04-02,2026,4,Sulawesi Utara,Kota Manado,71.71,71,Gempabumi,1,0,1,0,0,0,0,0
257b8e18-a2bc-490d-8f24-157d4121de7d,2026-04-02,2026,4,Sulawesi Utara,Kota Bitung,71.72,71,Gempabumi,0,0,0,120,0,2,32,0
69f189e3-ae0c-4107-8ad6-17716cea4459,2026-04-02,2026,4,Sulawesi Utara,Kota Tomohon,71.73,71,Gempabumi,1,0,0,0,0,0,11,0
250d7788-ac4e-4b96-8ecb-db7af9cd32a9,2026-04-02,2026,4,Maluku Utara,Kota Ternate,82.71,82,Gempabumi,0,0,1,772,63,58,126,0
cf0fd4aa-fe8a-450b-bf8d-261461585b73,2026-04-02,2026,4,Maluku Utara,Halmahera Barat,82.01,82,Gempabumi,0,0,0,25,0,2,39,0
68500406-2ab0-4022-94ca-e18b9aa0e8b9,2026-04-02,2026,4,Sulawesi Utara,Minahasa Utara,71.06,71,Gempabumi,0,0,0,0,0,0,4,0
167fd6d7-335e-4e3e-9258-da6f620e9c57,2026-04-02,2026,4,Maluku Utara,Kota Tidore Kepulauan,82.72,82,Gempabumi,0,0,0,335,16,23,7,0
346fdf50-8b41-4076-8d08-4245d4ed8775,2026-04-02,2026,4,Maluku Utara,Halmahera Utara,82.03,82,Gempabumi,0,0,0,55,0,0,11,0
ae653175-6f5b-4d29-ba24-c23af9001680,2026-02-06,2026,2,Jawa Tengah,Wonogiri,33.12,33,Gempabumi,0,0,0,90,0,0,18,0
0d09e372-efdd-43e1-9c5a-e3903c943736,2026-02-06,2026,2,Jawa Tengah,Sukoharjo,33.11,33,Gempabumi,0,0,0,180,0,0,0,0
25428ab8-b697-403b-88df-88b827baf620,2026-02-06,2026,2,Jawa Timur,Pacitan,35.01,35,Gempabumi,1,0,0,280,0,4,48,0
df3e60e8-f6f7-44f4-a37b-559595dcd8cb,2026-02-06,2026,2,Jawa Tengah,Karanganyar,33.13,33,Gempabumi,0,0,0,15,0,0,0,0
6033b772-810b-4bb4-800c-c87416175302,2026-02-06,2026,2,Jawa Timur,Trenggalek,35.03,35,Gempabumi,0,0,0,35,0,0,7,0
01090d31-9c1c-49aa-bd56-e6ec13dd6d83,2026-02-06,2026,2,Daerah Istimewa Yogyakarta,Bantul,34.02,34,Gempabumi,0,0,40,65,0,0,0,0
f38ef3f0-9b77-4aa3-88a1-d8f2f9ad8fa2,2026-01-27,2026,1,Jawa Tengah,Klaten,33.10,33,Gempabumi,0,0,2,90,0,1,17,0
c7941f26-f18a-41f3-8b72-053d24546572,2026-01-27,2026,1,Daerah Istimewa Yogyakarta,Bantul,34.02,34,Gempabumi,0,0,0,10,0,0,2,0
dfa1d613-5b73-4357-9081-2abe12c11b58,2026-01-10,2026,1,Sulawesi Utara,Kepulauan Talaud,71.04,71,Gempabumi,0,0,0,60,0,0,0,0
157407c7-4334-4b7f-bd03-e87ef2b90a67,2025-11-05,2025,11,Kalimantan Utara,Kota Tarakan,65.71,65,Gempabumi,0,0,2,49,2,10,10,0
989a6f86-5d33-4ae5-bc49-0ed4a026a91d,2025-10-16,2025,10,Papua,Sarmi,91.10,91,Gempabumi,0,0,3,600,30,61,30,0
d794b35f-bc4d-4791-89a9-28e230e369ed,2025-10-11,2025,10,Sulawesi Tenggara,Muna Barat,74.13,74,Gempabumi,0,0,0,35,3,1,3,0
ab1e34b9-84ee-4f33-a4fb-834d1b64c3df,2025-10-03,2025,10,Papua,Waropen,91.15,91,Gempabumi,0,0,0,413,24,0,0,0
406b41b0-d334-4cbd-bfd4-0b28ff5129cf,2025-09-30,2025,9,Jawa Timur,Jember,35.09,35,Gempabumi,0,0,0,13,0,1,4,0
17f14b17-95cb-43fb-ae65-853933c7add0,2025-09-30,2025,9,Jawa Timur,Sumenep,35.29,35,Gempabumi,0,0,3,1306,119,188,198,0
5daea7b3-0ba3-4ace-9fb1-1b7304dea048,2025-09-30,2025,9,Jawa Timur,Situbondo,35.12,35,Gempabumi,0,0,0,3,0,1,2,0
786d620f-b3f8-4d8f-8380-c406efb19233,2025-09-26,2025,9,Lampung,Tanggamus,18.06,18,Gempabumi,0,0,0,70,1,0,13,0
69a434d1-4a8d-4106-abdf-dcc88c1cd3ec,2025-09-25,2025,9,Jawa Timur,Jember,35.09,35,Gempabumi,0,0,1,0,1,0,0,0
875aa9f7-bf83-437e-a1d4-2765a0f048b9,2025-09-25,2025,9,Jawa Timur,Banyuwangi,35.10,35,Gempabumi,0,0,0,0,3,2,4,0
4814d779-3077-4def-a1ba-3111119ba716,2025-09-25,2025,9,Jawa Timur,Bondowoso,35.11,35,Gempabumi,0,0,0,0,2,1,0,0
61c82d34-f7bf-4758-8b82-17266abe87c7,2025-09-25,2025,9,Jawa Timur,Situbondo,35.12,35,Gempabumi,0,0,0,550,56,20,61,0
8960aad6-c59b-4efc-989a-b50b5ca8a94b,2025-09-25,2025,9,Bali,Jembrana,51.01,51,Gempabumi,0,0,0,0,0,0,1,0
01020964-28f0-4803-a9b7-c29767fa1b5a,2025-09-21,2025,9,Jawa Barat,Bogor,32.01,32,Gempabumi,0,0,0,0,0,0,0,0
5d60409e-bc8f-4d63-8df2-e615a45fe6dd,2025-09-21,2025,9,Jawa Barat,Sukabumi,32.02,32,Gempabumi,0,0,0,1095,0,0,135,0
09f5beed-fa06-4473-9d50-ef83cfe596d8,2025-08-20,2025,8,Jawa Barat,Bogor,32.01,32,Gempabumi,0,0,0,3,1,0,0,0
714a5b12-8afe-488e-bd58-043bb7c7c8f3,2025-08-20,2025,8,Jawa Barat,Bekasi,32.16,32,Gempabumi,0,0,0,5,0,1,0,0
209b4734-8d21-40f8-9c52-ce2fc601db36,2025-08-20,2025,8,Jawa Barat,Karawang,32.15,32,Gempabumi,0,0,0,203,0,29,37,0
5e5c14a6-138b-4aad-93e3-3bc925230f03,2025-08-17,2025,8,Sulawesi Tengah,Poso,72.02,72,Gempabumi,2,0,46,1719,98,14,241,0
100fedbb-87b9-41ee-b020-eae8fe52099c,2025-08-12,2025,8,Papua,Sarmi,91.10,91,Gempabumi,0,0,0,530,8,0,98,0
9036df1d-70b6-4d88-9077-36816e38ba53,2025-07-24,2025,7,Sulawesi Tengah,Poso,72.02,72,Gempabumi,0,0,5,5517,5,0,415,0
e8cddf92-b671-4c94-8824-3960996cd0d3,2025-07-18,2025,7,Jawa Timur,Probolinggo,35.13,35,Gempabumi,0,0,0,170,0,0,16,0
1aef9221-1619-4edf-8554-29472010833f,2025-07-04,2025,7,Sulawesi Tengah,Poso,72.02,72,Gempabumi,0,0,0,100,0,0,38,0
e341915f-c172-4e48-8c05-093024de33f2,2025-06-22,2025,6,Maluku,Seram Bagian Barat,81.06,81,Gempabumi,0,0,0,2601,0,3,0,0
ba296d18-2ce6-43f8-91c9-c3aebdff1296,2025-05-27,2025,5,Sulawesi Tenggara,Buton Utara,74.10,74,Gempabumi,0,0,1,140,0,0,28,0
007ddd21-362a-4ca5-8116-0eed2312efbb,2025-05-23,2025,5,Bengkulu,Bengkulu Utara,17.03,17,Gempabumi,0,0,0,0,0,0,0,0
f105b0ac-3bbd-4af7-9bf2-5f8ec12e6e78,2025-05-23,2025,5,Bengkulu,Seluma,17.05,17,Gempabumi,0,0,0,0,0,0,0,0
b6d562d9-8eef-47db-85ae-b166ba6be34b,2025-05-23,2025,5,Bengkulu,Bengkulu Tengah,17.09,17,Gempabumi,0,0,0,245,0,0,0,0
08f166a6-07d2-41db-87a7-0640d17ef562,2025-05-23,2025,5,Bengkulu,Kota Bengkulu,17.71,17,Gempabumi,0,0,2,1701,46,90,57,0
472b9a9e-aea6-49b9-b019-85b45045e7db,2025-05-11,2025,5,Aceh,Aceh Selatan,11.01,11,Gempabumi,0,0,0,25,0,0,3,0
491b4890-4df4-4659-bec3-807d88f43a32,2025-05-11,2025,5,Aceh,Aceh Barat Daya,11.12,11,Gempabumi,0,0,0,15,0,0,3,0
d1399407-6522-4a5f-9183-1c91af7d85eb,2025-04-10,2025,4,Jawa Barat,Kota Bogor,32.71,32,Gempabumi,0,0,1,205,0,1,30,0
2f646a47-cbc9-4c5c-8f5a-0870cecb14c7,2025-03-18,2025,3,Sumatera Utara,Tapanuli Utara,12.02,12,Gempabumi,1,0,1,8,1,0,0,0
019825e3-af4e-4da4-a42a-f9c1a702059c,2025-02-26,2025,2,Sulawesi Utara,Bolaang Mongondow Timur,71.10,71,Gempabumi,0,0,0,35,0,0,11,0
cb47f519-ef4e-44f4-9a66-3b6847585699,2025-01-29,2025,1,Sulawesi Tenggara,Kolaka Timur,74.11,74,Gempabumi,0,0,0,805,3,158,0,0
cc4b2fb6-9885-46cc-821d-8829dc8afab7,2024-12-15,2024,12,Nusa Tenggara Barat,Sumbawa,52.04,52,Gempabumi,0,0,0,32,0,0,8,0
0bd7632b-ec55-4244-866f-d8487d7a4fd3,2024-12-07,2024,12,Sulawesi Tengah,Buol,72.05,72,Gempabumi,0,0,0,85,0,3,14,0
b0a1cfcb-a8db-465d-9847-be9f99d5fa8f,2024-12-07,2024,12,Jawa Barat,Garut,32.05,32,Gempabumi,0,0,0,715,2,9,34,0
52aa3e5c-798d-45dd-a935-f537539e9f44,2024-11-05,2024,11,Jawa Timur,Lumajang,35.08,35,Gempabumi,0,0,0,30,0,0,6,0
664fe395-c921-476e-bd53-0505af8ad5d4,2024-09-21,2024,9,Bali,Badung,51.03,51,Gempabumi,0,0,0,0,11,13,0,0
96b9b3a2-d37a-4d22-a587-857029bf9cdd,2024-09-21,2024,9,Bali,Gianyar,51.04,51,Gempabumi,0,0,0,0,0,0,0,0
d3e3dfc5-3054-416d-8f31-5e8eb1d1ade4,2024-09-21,2024,9,Bali,Klungkung,51.05,51,Gempabumi,0,0,0,0,0,1,0,0
07dc9fd8-3525-46e9-a66b-ec9cdd9ad8bd,2024-09-19,2024,9,Maluku Utara,Pulau Morotai,82.07,82,Gempabumi,0,0,0,1044,2,64,0,0
17ae9f83-23f7-44c1-8541-ee5846954a74,2024-09-18,2024,9,Jawa Barat,Bogor,32.01,32,Gempabumi,0,0,0,13,0,1,4,0
93bf37b8-b30b-49e2-8d52-3150c4c5229a,2024-09-18,2024,9,Jawa Barat,Bandung,32.04,32,Gempabumi,1,0,138,56351,894,1696,3536,0
654a9c0e-cc38-4d4a-b8f6-fce6f0093701,2024-09-18,2024,9,Jawa Barat,Garut,32.05,32,Gempabumi,0,0,5,6516,0,40,94,0
b871c66e-3735-4f43-ab49-492bd9ed1b09,2024-09-18,2024,9,Jawa Barat,Purwakarta,32.14,32,Gempabumi,0,0,0,2,1,0,0,0
98dfafe2-353f-46af-81fb-b329e9e96ba0,2024-09-18,2024,9,Jawa Barat,Bandung Barat,32.17,32,Gempabumi,0,0,0,18,2,1,2,0
0e1ee8c9-f2c0-418d-b2f4-db894ee8d00f,2024-09-18,2024,9,Jawa Barat,Kota Cimahi,32.77,32,Gempabumi,0,0,0,4,0,1,0,0
04f9caae-aecc-4dbf-ae1c-8a375c1b044e,2024-08-26,2024,8,Jawa Tengah,Boyolali,33.09,33,Gempabumi,0,0,0,10,0,0,2,0
2c6ecf5f-c392-4b32-91a5-67bea073bda9,2024-08-26,2024,8,Jawa Tengah,Karanganyar,33.13,33,Gempabumi,0,0,0,5,0,0,1,0
5ebab0f6-9ad5-4861-b5d4-873e2d14ddf0,2024-08-26,2024,8,Daerah Istimewa Yogyakarta,Kulon Progo,34.01,34,Gempabumi,0,0,0,15,0,0,3,0
4ae1b278-89ea-46ce-9c89-9f380336bb16,2024-08-26,2024,8,Daerah Istimewa Yogyakarta,Gunungkidul,34.03,34,Gempabumi,0,0,0,200,0,0,56,0
e8cf7e19-3cad-428c-815c-4a9b88558006,2024-08-26,2024,8,Daerah Istimewa Yogyakarta,Sleman,34.04,34,Gempabumi,0,0,0,0,0,0,0,0
f6d6b4b9-13cb-463a-a032-f1e9b01c5db6,2024-08-26,2024,8,Daerah Istimewa Yogyakarta,Bantul,34.02,34,Gempabumi,0,0,0,0,1,0,17,0
0e2ad832-1b0a-4fc2-beaf-2e73132e7221,2024-07-25,2024,7,Jawa Barat,Kuningan,32.08,32,Gempabumi,0,0,0,113,0,1,34,0
c11aa656-0b39-449c-8dbb-35074a187609,2024-07-07,2024,7,Jawa Tengah,Batang,33.25,33,Gempabumi,0,0,14,1190,13,30,230,0
0ee14d33-e7b3-4cd4-adf6-ec43523f96de,2024-07-07,2024,7,Jawa Tengah,Kota Pekalongan,33.75,33,Gempabumi,0,0,0,7,0,0,2,0
8f36ae7c-2c7e-463b-a7d4-73f9ad61e4ed,2024-05-31,2024,5,Sulawesi Tengah,Morowali,72.06,72,Gempabumi,0,0,2,15,1,3,0,0
3c2f6f59-5a1d-4b0c-9a7c-20534c6f006d,2024-04-27,2024,4,Jawa Barat,Bogor,32.01,32,Gempabumi,0,0,0,185,0,13,34,0
2b4e4d0a-427e-4ca1-b259-ddc9aa03e26d,2024-04-27,2024,4,Jawa Barat,Sukabumi,32.02,32,Gempabumi,0,0,0,11,0,12,9,0
0f22388c-4bef-4f58-bf51-90d49a9ff8f7,2024-04-27,2024,4,Jawa Barat,Cianjur,32.03,32,Gempabumi,0,0,0,10,0,0,4,0
8e500edd-c817-4ce5-85d4-52c2cd28c16c,2024-04-27,2024,4,Jawa Barat,Bandung,32.04,32,Gempabumi,0,0,3,668,0,32,99,0
5e4a213e-726d-4c5e-ba5e-67a5f5a81652,2024-04-27,2024,4,Jawa Barat,Garut,32.05,32,Gempabumi,0,0,6,1150,23,190,895,0
af5dc4c6-f8f9-4650-8efc-e761ff0d0d3a,2024-04-27,2024,4,Jawa Barat,Tasikmalaya,32.06,32,Gempabumi,0,0,1,59,0,8,16,0
5690dc58-9f1a-4d39-ab04-1c9403a0f52b,2024-04-27,2024,4,Jawa Barat,Ciamis,32.07,32,Gempabumi,0,0,4,499,1,17,129,0
94483302-22f8-44a5-959b-5ff4fb9aa6cd,2024-04-27,2024,4,Jawa Barat,Majalengka,32.10,32,Gempabumi,0,0,0,37,0,1,14,0
0d0bfbf2-9be8-4c39-b5ac-db4004257775,2024-04-27,2024,4,Jawa Barat,Sumedang,32.11,32,Gempabumi,0,0,0,6,2,0,1,0
3a63a2fc-087a-41a8-92e3-97dd141d58c0,2024-04-27,2024,4,Jawa Barat,Subang,32.13,32,Gempabumi,0,0,0,14,0,1,0,0
f1abd3bb-b699-4f20-884d-f113cf70e8db,2024-04-27,2024,4,Jawa Barat,Purwakarta,32.14,32,Gempabumi,0,0,0,15,0,3,1,0
c0b5d0b5-f2cf-453d-87f2-4b2ff0b309be,2024-04-27,2024,4,Jawa Barat,Bandung Barat,32.17,32,Gempabumi,0,0,0,62,6,8,3,0
3684a4eb-c6a3-4f03-9432-af8f1ff73f09,2024-04-27,2024,4,Jawa Barat,Pangandaran,32.18,32,Gempabumi,0,0,0,5,1,0,4,0
4d0c94d5-4eac-4d18-91a7-797629587612,2024-04-27,2024,4,Jawa Barat,Kota Sukabumi,32.72,32,Gempabumi,0,0,0,0,0,1,1,0
c760da84-2c0f-42d7-8c7b-4d8501f66a1d,2024-04-27,2024,4,Jawa Barat,Kota Bandung,32.73,32,Gempabumi,0,0,0,0,0,0,0,0
327bac81-944a-4f13-bd58-bbb7e04cd73b,2024-04-27,2024,4,Jawa Barat,Kota Cimahi,32.77,32,Gempabumi,0,0,0,9,0,1,2,0
60fdcbf8-4bc0-407c-83e9-5c30282afc04,2024-04-27,2024,4,Jawa Barat,Kota Tasikmalaya,32.78,32,Gempabumi,0,0,0,100,2,2,22,0
d78b7071-b611-488e-8fed-2ade1ac57e10,2024-04-27,2024,4,Jawa Barat,Kota Banjar,32.79,32,Gempabumi,0,0,0,10,1,2,4,0
ed339123-309a-468b-8179-0584f3568a7b,2024-03-23,2024,3,Bengkulu,Bengkulu Selatan,17.01,17,Gempabumi,0,0,0,575,8,19,88,0
0342de82-b740-45e7-b78d-99626f3f9a4a,2024-03-22,2024,3,Jawa Tengah,Rembang,33.17,33,Gempabumi,0,0,0,69,0,0,0,0
2257a38b-4053-4276-beea-811405b9e428,2024-03-22,2024,3,Jawa Timur,Sidoarjo,35.15,35,Gempabumi,0,0,0,0,0,0,2,0
244e0ef3-e4d5-4ebb-8059-35561f6f5b6d,2024-03-22,2024,3,Jawa Timur,Bojonegoro,35.22,35,Gempabumi,0,0,0,0,0,0,0,0
276755e7-990e-4d36-a07c-d960e0f582db,2024-03-22,2024,3,Jawa Timur,Tuban,35.23,35,Gempabumi,0,0,0,55,1,2,9,0
de26c5a2-0a0b-4a08-b6a3-03d6202686b4,2024-03-22,2024,3,Jawa Timur,Lamongan,35.24,35,Gempabumi,0,0,0,0,0,1,6,0
8b69c04d-6cdd-4c87-bfc8-35c89fe04ccf,2024-03-22,2024,3,Jawa Timur,Gresik,35.25,35,Gempabumi,0,0,7,46514,942,1615,3921,0
f7055d7f-08bf-416e-951d-8c472d724a21,2024-03-22,2024,3,Jawa Timur,Pamekasan,35.28,35,Gempabumi,0,0,0,5,0,0,1,0
24800ed7-51e3-44b6-bc6c-b5ba383e422e,2024-03-22,2024,3,Jawa Timur,Kota Surabaya,35.78,35,Gempabumi,0,0,1,10,0,0,2,0
137fe835-c5de-466e-a507-53d8d34945c8,2024-01-03,2024,1,Jawa Barat,Bogor,32.01,32,Gempabumi,0,0,0,0,0,1,4,0
5c6cb075-9ac5-423f-8c82-dd2640440629,2024-01-03,2024,1,Jawa Barat,Sukabumi,32.02,32,Gempabumi,0,0,0,47,2,1,4,0
b5efa611-39c6-40a6-b42c-e9654c74f0f8,2024-01-03,2024,1,Banten,Lebak,36.02,36,Gempabumi,0,0,0,40,0,2,2,0
ed6763b8-3288-45f7-9933-a06754fb0ba6,2023-12-31,2023,12,Jawa Barat,Bandung,32.04,32,Gempabumi,0,0,0,13,2,0,1,0
04ba3b1b-2cbe-42d6-9e83-e3aa7fa920ec,2023-12-31,2023,12,Jawa Barat,Sumedang,32.11,32,Gempabumi,0,0,18,7173,114,217,1019,0
33154e1d-20cb-4da0-8e46-aabd03ed4f0e,2023-12-31,2023,12,Jawa Barat,Subang,32.13,32,Gempabumi,0,0,0,117,6,0,31,0
8f5e6ba7-da22-48a5-80ca-4070a4d7313b,2023-12-28,2023,12,Jawa Barat,Sukabumi,32.02,32,Gempabumi,0,0,0,6,0,1,0,0
c6158c0f-0a9d-4a1a-a8e9-80cd7e003e46,2023-12-15,2023,12,Jawa Tengah,Brebes,33.29,33,Gempabumi,0,0,0,50,0,1,10,0
56f21299-9dbd-4bf4-b64b-6b91d0e474c6,2023-12-14,2023,12,Jawa Barat,Bogor,32.01,32,Gempabumi,0,0,0,2670,14,123,493,0
9e689525-0ed1-4bab-976b-bc9cc4ac79f0,2023-12-14,2023,12,Jawa Barat,Sukabumi,32.02,32,Gempabumi,0,0,0,869,3,33,153,0
24c772f3-a240-43d8-897b-a6a5131288ba,2023-12-08,2023,12,Jawa Barat,Bogor,32.01,32,Gempabumi,0,0,2,1553,8,24,124,0
fd9aa2f0-0161-4bc4-831d-a5b9a0b4de5f,2023-12-08,2023,12,Jawa Barat,Sukabumi,32.02,32,Gempabumi,0,0,0,639,2,42,148,0
40e641a1-29ee-49dd-8aef-47af2b74d83f,2023-11-22,2023,11,Maluku Utara,Halmahera Barat,82.01,82,Gempabumi,1,0,0,0,0,0,0,0
108ced17-2c17-46c5-be69-2a858365e3ca,2023-11-02,2023,11,Nusa Tenggara Timur,Kupang,53.01,53,Gempabumi,0,0,0,860,0,0,172,0
3ab15b72-37e8-4b91-88ee-a1d82605f6bc,2023-11-02,2023,11,Nusa Tenggara Timur,Timor Tengah Selatan,53.02,53,Gempabumi,0,0,0,0,0,0,0,0
a1685a29-b54c-4fe9-8802-29ac3c16f3dd,2023-11-02,2023,11,Nusa Tenggara Timur,Kota Kupang,53.71,53,Gempabumi,0,0,0,66,0,10,10,0
0639fda9-e5d7-4074-a89f-5cde29f1209d,2023-10-01,2023,10,Jawa Barat,Sukabumi,32.02,32,Gempabumi,0,0,0,48,0,3,4,0
e7b3530f-4f98-4bc2-8b8c-348af3504d0b,2023-09-09,2023,9,Sulawesi Tengah,Donggala,72.03,72,Gempabumi,0,0,0,10150,0,0,0,0
8cfc5c1f-2153-44f8-b78f-fbc91d1fa5c8,2023-09-09,2023,9,Sulawesi Tengah,Parigi Moutong,72.08,72,Gempabumi,0,0,0,5,0,0,1,0
3ae22b0d-5b66-44ea-a8eb-71fe416549e3,2023-09-09,2023,9,Sulawesi Tengah,Kota Palu,72.71,72,Gempabumi,0,0,0,0,0,0,0,0
a7aab511-0ee9-4e2c-9fcb-71421ee7f356,2023-08-31,2023,8,Nusa Tenggara Timur,Timor Tengah Selatan,53.02,53,Gempabumi,0,0,0,46,0,0,10,0
6bc70af1-3c15-460a-b1e6-0f2ef32d5d3b,2023-08-06,2023,8,Sulawesi Tengah,Sigi,72.10,72,Gempabumi,0,0,0,5252,0,0,79,0
3282efec-fdd3-4370-9da9-0dc228391c61,2023-08-04,2023,8,Riau,Kuantan Singingi,14.09,14,Gempabumi,0,0,0,50,0,1,9,0
20575e86-9d35-4c25-800a-0c96d02fa73d,2023-06-30,2023,6,Jawa Tengah,Banyumas,33.02,33,Gempabumi,0,0,0,10,0,1,1,0
48d9c717-812c-4d3d-87cd-7bbb19c964bc,2023-06-30,2023,6,Jawa Tengah,Purbalingga,33.03,33,Gempabumi,0,0,0,30,0,4,4,0
ebcd24d0-0984-47df-bae1-0fea42b466e7,2023-06-30,2023,6,Jawa Tengah,Banjarnegara,33.04,33,Gempabumi,0,0,0,10,0,0,3,0
a8596570-26f4-4531-b757-7fe97c109461,2023-06-30,2023,6,Jawa Tengah,Kebumen,33.05,33,Gempabumi,0,0,1,78,0,2,15,0
78777e8a-5062-4197-8978-f0a7850783da,2023-06-30,2023,6,Jawa Tengah,Purworejo,33.06,33,Gempabumi,0,0,0,65,0,7,3,0
a76ff848-09ed-4aa5-9268-6f6db0dee2a0,2023-06-30,2023,6,Jawa Tengah,Wonosobo,33.07,33,Gempabumi,0,0,0,30,0,6,5,0
5c7d3e4d-9670-4394-8877-927b3b04e5e3,2023-06-30,2023,6,Jawa Tengah,Magelang,33.08,33,Gempabumi,0,0,0,10,0,2,1,0
d486a192-90f8-46db-acbc-caf51ea51a16,2023-06-30,2023,6,Jawa Tengah,Klaten,33.10,33,Gempabumi,0,0,0,0,0,1,3,0
a57d9997-28a2-4afb-a436-60d15b4084bb,2023-06-30,2023,6,Jawa Tengah,Wonogiri,33.12,33,Gempabumi,0,0,0,335,3,52,182,0
76349fde-a80e-41e7-b6fc-af9948abdd6f,2023-06-30,2023,6,Jawa Tengah,Tegal,33.28,33,Gempabumi,0,0,1,5,0,1,0,0
43a182dd-0f86-4080-9555-13fbabf5885f,2023-06-30,2023,6,Jawa Tengah,Brebes,33.29,33,Gempabumi,0,0,0,5,0,0,1,0
8369cc4e-1268-4b1e-8cf3-afff43048b37,2023-06-30,2023,6,Daerah Istimewa Yogyakarta,Kulon Progo,34.01,34,Gempabumi,0,0,1,80,0,1,20,0
59e90c54-f3b5-4d84-8a4a-20aab5f5fa5e,2023-06-30,2023,6,Daerah Istimewa Yogyakarta,Bantul,34.02,34,Gempabumi,1,0,9,525,1,4,87,0
c4caad82-813e-421e-b256-c4d5eb4ca09f,2023-06-30,2023,6,Daerah Istimewa Yogyakarta,Gunungkidul,34.03,34,Gempabumi,0,0,9,695,0,9,152,0
980730aa-8e8e-4a35-b10e-e6cd2a16567f,2023-06-30,2023,6,Daerah Istimewa Yogyakarta,Sleman,34.04,34,Gempabumi,0,0,4,15,0,0,2,0
a8bba8e8-0ae6-42b7-8a96-10a63fd5b2fe,2023-06-30,2023,6,Daerah Istimewa Yogyakarta,Kota Yogyakarta,34.71,34,Gempabumi,0,0,0,0,0,0,1,0
8ac7f76a-7484-4ea7-b9ce-a98c5309e6e4,2023-06-30,2023,6,Jawa Timur,Pacitan,35.01,35,Gempabumi,0,0,0,930,169,8,9,0
30190c4f-355c-4ab6-ac2e-b995b80a7176,2023-06-30,2023,6,Jawa Timur,Ponorogo,35.02,35,Gempabumi,0,0,0,10,11,0,0,0
d4797344-21e2-47fe-8040-736a18a50d11,2023-06-30,2023,6,Jawa Timur,Trenggalek,35.03,35,Gempabumi,0,0,0,20,3,3,0,0
6b33dd10-2b55-425a-afbd-bf6826af17db,2023-06-30,2023,6,Jawa Timur,Tulungagung,35.04,35,Gempabumi,0,0,0,5,0,1,0,0
44b55aab-0462-432b-b184-6ffefa26bd44,2023-06-30,2023,6,Jawa Timur,Blitar,35.05,35,Gempabumi,0,0,0,0,0,0,1,0
f1a396f0-fa1f-4a4d-bf26-6c9f5244e8fd,2023-06-11,2023,6,Jawa Barat,Bogor,32.01,32,Gempabumi,0,0,2,5,0,1,1,0
022b71ac-4388-413a-a8a6-c0f85debd709,2023-06-08,2023,6,Jawa Timur,Pacitan,35.01,35,Gempabumi,0,0,3,0,0,0,0,0
d8c1dea2-ebbd-4b3b-a4ba-9091ef5a60a9,2023-06-08,2023,6,Daerah Istimewa Yogyakarta,Kulon Progo,34.01,34,Gempabumi,0,0,0,2,2,0,0,0
47c9d76b-5bf8-462f-982b-4024178de458,2023-06-08,2023,6,Daerah Istimewa Yogyakarta,Bantul,34.02,34,Gempabumi,0,0,3,3,0,0,0,0
29abcfb3-9831-4557-8fa9-8171dd38663b,2023-06-06,2023,6,Jawa Barat,Kota Sukabumi,32.72,32,Gempabumi,0,0,0,5,1,1,1,0
9d514327-843d-4447-a44d-fd10105666d6,2023-05-24,2023,5,Bali,Bangli,51.06,51,Gempabumi,0,0,0,0,1,1,0,0
f9f048ee-7ba8-417d-bfa5-3a2797f9fc5e,2023-05-24,2023,5,Bali,Buleleng,51.08,51,Gempabumi,0,0,0,0,0,13,1,0
ec07bbe9-ef7e-4345-bc31-6d01721de29d,2023-04-25,2023,4,Sumatera Utara,Tapanuli Selatan,12.03,12,Gempabumi,0,0,0,0,1,0,0,0
d0a82cba-50c0-415d-b497-e5e705bf019e,2023-04-25,2023,4,Sumatera Barat,Kepulauan Mentawai,13.09,13,Gempabumi,0,0,2,10331,0,0,1,0
f7751024-d063-453d-9967-2ca868c8e3d4,2023-04-25,2023,4,Sumatera Barat,Pasaman Barat,13.12,13,Gempabumi,0,0,2,0,0,0,0,0
b97d9217-eb77-4210-8ba5-1677a7932f66,2023-04-24,2023,4,Sumatera Utara,Nias Selatan,12.14,12,Gempabumi,0,0,0,10,2,0,0,0
d587c395-1e62-49b4-aa86-f2e344f7f3eb,2023-04-14,2023,4,Jawa Barat,Sukabumi,32.02,32,Gempabumi,0,0,0,5,0,0,1,0
0ac4f84d-6a14-46a1-9fc9-3d1fb11deb27,2023-04-14,2023,4,Jawa Barat,Kota Banjar,32.79,32,Gempabumi,0,0,0,5,1,0,0,0
f3ba674a-a6b3-429a-8bb2-f1c06ab95b35,2023-04-14,2023,4,Jawa Timur,Trenggalek,35.03,35,Gempabumi,0,0,0,5,0,1,0,0
c1f25d83-edc0-4b90-a6da-3a0c5177a4a8,2023-04-14,2023,4,Jawa Timur,Jember,35.09,35,Gempabumi,0,0,0,5,0,1,0,0
ed4b043a-79e7-49a7-9cda-1132d712e95f,2023-04-06,2023,4,Bali,Badung,51.03,51,Gempabumi,0,0,0,0,0,1,0,0
4d71b130-c50b-4054-973d-aaf950ae394d,2023-02-09,2023,2,Papua,Kota Jayapura,91.71,91,Gempabumi,4,0,5,41595,17,61,91,0
926a16e1-2f5c-4dd6-83c2-039de268dd4e,2023-02-07,2023,2,Jawa Barat,Sukabumi,32.02,32,Gempabumi,0,0,1,0,0,0,0,0
469afce6-266e-454e-9d5b-8cb70d117853,2023-02-01,2023,2,Jawa Barat,Garut,32.05,32,Gempabumi,0,0,1,1531,22,122,479,0
7de16afa-7136-4feb-9bd0-81043c5b90d6,2023-01-28,2023,1,Jawa Barat,Bandung,32.04,32,Gempabumi,0,0,0,240,0,2,46,0
f85d308f-250e-4859-8b3a-c6f978845800,2023-01-24,2023,1,Jawa Barat,Cianjur,32.03,32,Gempabumi,0,0,0,8,0,0,0,0
e4f1c6e9-0450-4543-b278-6a0eff36fe73,2023-01-18,2023,1,Maluku Utara,Halmahera Utara,82.03,82,Gempabumi,0,0,0,160,1,0,0,0
8c156d42-113e-4a9f-8be1-7967eaab99ec,2023-01-18,2023,1,Maluku Utara,Pulau Morotai,82.07,82,Gempabumi,0,0,0,32,0,6,2,0
5f98796d-eb1a-4907-b08d-3583446f8554,2023-01-15,2023,1,Jawa Barat,Bogor,32.01,32,Gempabumi,0,0,0,9,0,1,0,0
fb94d208-3699-429b-8b45-c3566470655d,2023-01-14,2023,1,Bengkulu,Kaur,17.04,17,Gempabumi,0,0,0,0,1,0,0,0
4cfcfcbe-766f-4545-bdf1-bb569fcf83ff,2023-01-10,2023,1,Nusa Tenggara Timur,Timor Tengah Selatan,53.02,53,Gempabumi,0,0,0,71,0,0,17,0
bada2ea8-11fe-4447-b180-113cd7aadcff,2023-01-10,2023,1,Maluku,Kepulauan Tanimbar,81.03,81,Gempabumi,0,0,11,3880,56,322,319,0
009d4ed1-f9f6-4ac4-a795-72ddfb6d6566,2023-01-10,2023,1,Maluku,Maluku Barat Daya,81.08,81,Gempabumi,0,0,7,1155,11,30,156,0
97d0df72-971b-499e-8db2-eaf3d8a6224a,2023-01-02,2023,1,Papua,Kota Jayapura,91.71,91,Gempabumi,0,0,0,12744,0,0,2,0
3d4af171-5386-4d28-a37d-701883f0a440,2022-12-22,2022,12,Jawa Barat,Kuningan,32.08,32,Gempabumi,0,0,0,3,0,1,0,0
edbf27dc-ca17-42d6-bd45-3f276c872806,2022-12-13,2022,12,Bali,Karangasem,51.07,51,Gempabumi,0,0,8,795,0,1,176,0
a239ccc4-2a42-4b9b-8a5d-6dea83b8d169,2022-12-08,2022,12,Jawa Barat,Bogor,32.01,32,Gempabumi,0,0,0,19,0,0,0,0
d404cc7f-e6f9-4661-99e2-4e85d124ac4b,2022-12-08,2022,12,Jawa Barat,Sukabumi,32.02,32,Gempabumi,0,0,0,161,0,12,30,0
04df1e07-553d-4dba-891b-cfba2c81e66f,2022-12-03,2022,12,Jawa Barat,Bogor,32.01,32,Gempabumi,0,0,0,17,0,1,5,0
307ee507-0150-41db-9845-7ee5c9ebc345,2022-12-03,2022,12,Jawa Barat,Garut,32.05,32,Gempabumi,0,0,1,50,0,0,10,0
b7bab9b8-075e-49e7-ac5d-b9c0bd189bd9,2022-11-23,2022,11,Jawa Timur,Situbondo,35.12,35,Gempabumi,0,0,0,50,0,0,10,0
f2f71365-44ce-43dc-a54a-d637b8b11ca9,2022-11-21,2022,11,Jawa Barat,Bogor,32.01,32,Gempabumi,0,0,2,302,1,13,49,0
436d852b-5195-41ee-89c8-6812e6e5cf67,2022-11-21,2022,11,Jawa Barat,Sukabumi,32.02,32,Gempabumi,0,0,11,4235,96,247,635,0
b407a2b3-7efc-426d-a831-f5f4b29336c7,2022-11-21,2022,11,Jawa Barat,Cianjur,32.03,32,Gempabumi,602,8,7810,114683,13633,16059,26586,0
6c75ae15-7c60-4752-a887-417b0381c5dd,2022-11-21,2022,11,Jawa Barat,Bandung,32.04,32,Gempabumi,0,0,1,5,0,1,0,0
6c63da1a-2f9e-43b6-b765-50e1eff6fadb,2022-11-21,2022,11,Jawa Barat,Kota Sukabumi,32.72,32,Gempabumi,0,0,0,0,0,0,17,0
75940577-fe75-4397-abd6-7ca2f95f6443,2022-10-09,2022,10,Jawa Barat,Bogor,32.01,32,Gempabumi,0,0,0,45,0,3,2,0
da825e97-e630-4dee-a67e-a88f8c02e684,2022-10-09,2022,10,Jawa Barat,Sukabumi,32.02,32,Gempabumi,0,0,0,18,1,3,1,0
8bb53abd-6149-471d-8b61-917399a13949,2022-10-09,2022,10,Banten,Lebak,36.02,36,Gempabumi,0,0,0,20,0,0,4,0
e75c0b70-7bee-4d56-9912-5d4391556b4c,2022-10-01,2022,10,Sumatera Utara,Tapanuli Tengah,12.01,12,Gempabumi,0,0,0,0,0,0,0,0
51a3743a-763c-466d-ad94-72e58bd5cb87,2022-10-01,2022,10,Sumatera Utara,Tapanuli Utara,12.02,12,Gempabumi,1,0,24,13130,0,0,1790,0
3b45f3c4-2b5d-45de-ba41-20cd6ead2dbe,2022-10-01,2022,10,Sumatera Utara,Toba,12.12,12,Gempabumi,0,0,0,0,0,0,0,0
331a2d8c-f232-468c-889f-3c5ffdd44a62,2022-10-01,2022,10,Sumatera Utara,Humbang Hasundutan,12.16,12,Gempabumi,0,0,0,0,0,0,0,0
d0bf157d-0201-450c-99cd-453fdb34c6b4,2022-09-28,2022,9,Sumatera Barat,Pasaman Barat,13.12,13,Gempabumi,0,0,1,0,0,0,0,0
b5bbec31-aff5-4606-9145-1c42f3bdf631,2022-09-11,2022,9,Sumatera Barat,Kepulauan Mentawai,13.09,13,Gempabumi,0,0,3,5725,5,8,0,0
ed2446e1-a5b2-4a95-85b8-2bfc757af95a,2022-09-08,2022,9,Papua,Mamberamo Raya,91.20,91,Gempabumi,0,0,0,0,0,0,0,0
933c1cab-41c2-4797-ac9a-3f103426b4be,2022-08-29,2022,8,Sumatera Barat,Kepulauan Mentawai,13.09,13,Gempabumi,0,0,0,2326,0,0,0,0
de9aaaa7-10ea-4a69-a625-29a2b13b409a,2022-08-23,2022,8,Bengkulu,Kaur,17.04,17,Gempabumi,0,0,1,0,0,1,0,0
e354e6d9-615b-4f7c-a8de-df04b6f920b0,2022-08-23,2022,8,Lampung,Pesisir Barat,18.13,18,Gempabumi,0,0,0,0,0,2,0,0
69fff435-27f6-469c-ba41-fdfcac567ae3,2022-08-22,2022,8,Bali,Badung,51.03,51,Gempabumi,0,0,0,0,0,1,2,0
c90b16f4-93ba-46f0-b2c2-d47f1aef0607,2022-08-22,2022,8,Nusa Tenggara Barat,Lombok Tengah,52.02,52,Gempabumi,0,0,1,0,1,0,0,0
fe78a01e-70c6-419d-b22b-e53412543e3a,2022-07-29,2022,7,Bali,Karangasem,51.07,51,Gempabumi,0,0,0,260,0,8,44,0
e88b534d-b228-42ec-ae21-a68b246dc9cc,2022-07-09,2022,7,Jawa Timur,Lumajang,35.08,35,Gempabumi,0,0,0,0,0,0,0,0
2e76e6d1-8543-4245-b316-f89bcb6c01df,2022-06-08,2022,6,Sulawesi Barat,Majene,76.05,76,Gempabumi,0,0,0,7650,0,0,0,0
7583411b-37d4-499c-8b50-36870a89da7a,2022-06-08,2022,6,Sulawesi Barat,Mamuju,76.02,76,Gempabumi,0,0,23,16995,0,0,70,0
a69e160a-697c-4ab9-bfff-79059ce2e1b4,2022-05-27,2022,5,Maluku,Maluku Barat Daya,81.08,81,Gempabumi,0,0,0,4,0,0,1,0
50afc856-8fbe-4fa6-9012-e28f995f7161,2022-04-18,2022,4,Maluku Utara,Halmahera Utara,82.03,82,Gempabumi,0,0,2,1123,22,149,62,0
a53024de-2679-460a-a6d6-ac690a560b60,2022-04-01,2022,4,Jawa Barat,Sukabumi,32.02,32,Gempabumi,0,0,0,4,1,0,1,0
30a112c7-4fcd-4bb0-ba9f-04b72aca2935,2022-03-26,2022,3,Sulawesi Selatan,Kepulauan Selayar,73.01,73,Gempabumi,0,0,0,60,0,0,0,0
f8f394d6-1221-4867-89d5-0d8d73f1c0a9,2022-03-26,2022,3,Sulawesi Tenggara,Konawe,74.02,74,Gempabumi,0,0,0,11,0,0,2,0
38dab95f-be67-4def-ae01-552c008c0e00,2022-03-24,2022,3,Maluku,Seram Bagian Barat,81.06,81,Gempabumi,0,0,0,485,0,0,0,0
4a02374f-aee8-41cf-8b0e-09077c1cc788,2022-03-14,2022,3,Sumatera Utara,Nias Selatan,12.14,12,Gempabumi,0,0,1,0,0,0,2,0
f65a51a4-85ee-4ba6-a24a-633d398f08dc,2022-02-25,2022,2,Sumatera Barat,Padang Pariaman,13.05,13,Gempabumi,0,0,0,0,0,0,1,0
d2c18fa4-2b46-473f-bb51-9f3a6a7572f4,2022-02-25,2022,2,Sumatera Barat,Agam,13.06,13,Gempabumi,0,0,1,0,0,0,1,0
a3affb22-d29d-4d0c-a136-15c4bceb6c8d,2022-02-25,2022,2,Sumatera Barat,Lima Puluh Kota,13.07,13,Gempabumi,0,0,0,55,2,20,5,0
cb0a9518-009c-4333-986c-d760c2816221,2022-02-25,2022,2,Sumatera Barat,Pasaman,13.08,13,Gempabumi,14,0,75,6892,528,556,1358,0
f404a3c2-0874-419b-bd83-376264facf8a,2022-02-25,2022,2,Sumatera Barat,Pasaman Barat,13.12,13,Gempabumi,13,0,381,14723,1240,703,1050,0
d7a00a0c-679a-446e-b643-6cf4b329435c,2022-01-22,2022,1,Sulawesi Utara,Kepulauan Talaud,71.04,71,Gempabumi,0,0,0,50,0,0,10,0
ff8262cf-b5d6-4932-9107-43f1e1901c0b,2022-01-14,2022,1,Jawa Barat,Bogor,32.01,32,Gempabumi,0,0,0,158,2,8,25,0
b7d8afb1-6519-4c6e-b056-5dff8a2ed41f,2022-01-14,2022,1,Jawa Barat,Sukabumi,32.02,32,Gempabumi,0,0,0,41,0,3,6,0
8c9ce025-e72d-419e-93f5-7286c9ef7c53,2022-01-14,2022,1,Banten,Pandeglang,36.01,36,Gempabumi,0,0,10,200,393,629,1843,0
b864b845-2139-4407-8497-a0bfc5856d2a,2022-01-14,2022,1,Banten,Lebak,36.02,36,Gempabumi,0,0,2,0,16,38,228,0
e186d2d0-f304-492d-8967-84303b1a9970,2022-01-14,2022,1,Banten,Tangerang,36.03,36,Gempabumi,0,0,0,0,0,3,0,0
fbae1f31-1135-4995-bede-f0ab1bf7b211,2022-01-14,2022,1,Banten,Serang,36.04,36,Gempabumi,0,0,0,54,1,14,0,0
ef35fac6-b754-49f4-84f2-8dc30f16a2c2,2022-01-10,2022,1,Maluku Utara,Halmahera Utara,82.03,82,Gempabumi,0,0,2,818,9,67,118,0
3808813f-819c-42b0-99b5-766fc97a50d0,2021-12-30,2021,12,Maluku,Maluku Barat Daya,81.08,81,Gempabumi,0,0,0,0,0,0,12,0
d8478ca4-ed5d-42bf-be2d-edddf9eb3ecd,2021-12-16,2021,12,Maluku,Maluku Barat Daya,81.08,81,Gempabumi,0,0,0,0,2,0,5,0
d8e11b19-c4c3-41de-baa6-a27573fed11c,2021-12-16,2021,12,Jawa Timur,Jember,35.09,35,Gempabumi,0,0,8,250,2,13,35,0
9a03ea71-7955-4e54-b086-3091487208e3,2021-12-14,2021,12,Nusa Tenggara Timur,Flores Timur,53.06,53,Gempabumi,0,0,0,722,0,0,8,0
bc1bd16a-3b8b-499c-8cb2-678a4e08316a,2021-12-14,2021,12,Nusa Tenggara Timur,Sikka,53.07,53,Gempabumi,0,0,0,880,0,0,0,0
2fcc1eab-779a-4158-a35b-083dfc4254b9,2021-12-14,2021,12,Nusa Tenggara Timur,Manggarai,53.10,53,Gempabumi,0,0,1,0,0,0,0,0
0867148c-9b4b-4391-a2a4-ad0f96ea2df2,2021-12-14,2021,12,Sulawesi Selatan,Kepulauan Selayar,73.01,73,Gempabumi,0,0,97,4838,359,0,236,0
eb4ec154-eecf-4fa8-8d5a-6015a9eb6f01,2021-12-11,2021,12,Maluku,Maluku Barat Daya,81.08,81,Gempabumi,0,0,0,165,13,13,8,0
7657f661-89fe-4a83-aa33-3b728f42b984,2021-11-04,2021,11,Maluku,Maluku Tengah,81.01,81,Gempabumi,0,0,0,6,3,4,35,0
51a01d60-c84f-4739-830d-af59f4699003,2021-10-23,2021,10,Jawa Tengah,Semarang,33.22,33,Gempabumi,0,0,0,0,0,0,39,0
14e9186d-8507-412b-b321-3a6f25963e8f,2021-10-22,2021,10,Jawa Timur,Blitar,35.05,35,Gempabumi,0,0,0,0,0,0,1,0
74cc00e2-3fdb-43cd-b0ab-ea66dcf20194,2021-10-16,2021,10,Bali,Bangli,51.06,51,Gempabumi,0,0,0,19,14,98,105,0
6c70e7e4-962c-47bc-a05c-c1ead7f6cec3,2021-10-16,2021,10,Bali,Karangasem,51.07,51,Gempabumi,1,0,126,0,620,44,572,0
4c46fd0b-23e3-4784-aedd-62e0c91b500d,2021-10-16,2021,10,Bali,Buleleng,51.08,51,Gempabumi,0,0,0,0,0,1,3,0
1fd1a1bd-e504-4c7e-bf26-00e6a295019f,2021-09-28,2021,9,Jawa Tengah,Brebes,33.29,33,Gempabumi,0,0,0,0,4,3,15,0
d2ab9122-ca70-47c5-b095-75fdcd5fd800,2021-08-26,2021,8,Sulawesi Tengah,Tojo Una Una,72.09,72,Gempabumi,1,0,2,1050,2,3,72,0
604afe1b-f306-49d8-939d-d224f6368e13,2021-07-26,2021,7,Sulawesi Tengah,Banggai,72.01,72,Gempabumi,0,0,0,0,1,5,0,0
8225ec61-bffe-4df7-a9b1-ceed1f55fedc,2021-07-26,2021,7,Sulawesi Tengah,Tojo Una Una,72.09,72,Gempabumi,0,0,0,0,0,0,9,0
c7fba617-4e84-425a-acfb-9bfb1e1cec19,2021-07-22,2021,7,Sulawesi Barat,Mamasa,76.03,76,Gempabumi,0,0,0,0,0,0,5,0
d6ca81ed-cbbd-41c6-939d-87cacc13b8d5,2021-06-28,2021,6,Daerah Istimewa Yogyakarta,Bantul,34.02,34,Gempabumi,0,0,0,0,0,0,3,0
860957ca-2da4-4c78-b929-6535b789ea6a,2021-06-28,2021,6,Daerah Istimewa Yogyakarta,Gunungkidul,34.03,34,Gempabumi,0,0,0,0,0,0,14,0
8b94b3f0-67dc-4d90-8751-85529931467f,2021-06-16,2021,6,Maluku,Maluku Tengah,81.01,81,Gempabumi,0,0,0,8803,69,0,33,0
0162adcd-7721-4d79-8f97-ddc23cc4074d,2021-06-16,2021,6,Maluku,Seram Bagian Barat,81.06,81,Gempabumi,0,0,0,0,0,0,0,0
670ab5c8-e6a9-4170-8b17-97b6aaa76ec3,2021-06-16,2021,6,Maluku,Seram Bagian Timur,81.05,81,Gempabumi,0,0,0,0,0,0,0,0
248fb11f-28e9-45ec-b6d4-f2e036de2ea5,2021-06-16,2021,6,Maluku,Kota Ambon,81.71,81,Gempabumi,0,0,0,0,0,0,0,0
234d7230-e314-412b-a9ce-e5b1cc9b6304,2021-05-21,2021,5,Jawa Timur,Blitar,35.05,35,Gempabumi,0,0,1,0,22,190,386,0
dc778593-f1d2-4d17-8f19-108426f8e958,2021-05-21,2021,5,Jawa Timur,Kediri,35.06,35,Gempabumi,0,0,0,0,0,0,3,0
79bea455-9f08-4122-8716-f3ef1b78d6af,2021-05-21,2021,5,Jawa Timur,Malang,35.07,35,Gempabumi,0,0,1,0,21,151,444,0
551d481b-7a93-4ab3-9d44-4d58167575a0,2021-05-21,2021,5,Jawa Timur,Lumajang,35.08,35,Gempabumi,0,0,0,0,1,2,82,0
e2ac948f-2aa0-47ac-afc4-380e42198480,2021-05-21,2021,5,Jawa Timur,Jember,35.09,35,Gempabumi,0,0,0,0,0,0,0,0
2de36311-7249-4201-9a5d-7ff737155fbc,2021-05-21,2021,5,Jawa Timur,Pasuruan,35.14,35,Gempabumi,0,0,0,0,11,47,34,0
8d41e726-71a3-4566-aa9c-ba3cc9b5a095,2021-05-21,2021,5,Jawa Timur,Kota Blitar,35.72,35,Gempabumi,0,0,0,0,0,1,12,0
07a0d846-f72d-4c14-810f-ef9d2617e65e,2021-05-21,2021,5,Jawa Timur,Kota Malang,35.73,35,Gempabumi,0,0,0,0,1,0,0,0
8fa59daa-62e5-4e39-ad14-590f0693f333,2021-04-27,2021,4,Jawa Barat,Bogor,32.01,32,Gempabumi,0,0,0,35,0,1,6,0
ea23ae61-824c-4bc8-8567-69e0612adc37,2021-04-27,2021,4,Jawa Barat,Sukabumi,32.02,32,Gempabumi,0,0,0,35,2,0,0,0
46e94efa-9df7-491e-a8c9-cf91bee79d66,2021-04-10,2021,4,Jawa Timur,Pacitan,35.01,35,Gempabumi,0,0,0,0,0,0,1,0
8773cc18-93ff-4b28-a25a-1d30a11fe988,2021-04-10,2021,4,Jawa Timur,Ponorogo,35.02,35,Gempabumi,0,0,0,0,1,0,1,0
02a9af4f-0f10-4ef7-9241-7eb7e072ce50,2021-04-10,2021,4,Jawa Timur,Trenggalek,35.03,35,Gempabumi,0,0,0,0,19,54,76,0
758a6121-03a2-4a9c-82d0-ea455e0a1b4c,2021-04-10,2021,4,Jawa Timur,Tulungagung,35.04,35,Gempabumi,0,0,2,0,2,16,57,0
f9d2f971-fa99-41c6-b5fc-752d59f651a4,2021-04-10,2021,4,Jawa Timur,Blitar,35.05,35,Gempabumi,0,0,11,0,46,395,982,0
faef6928-910d-41fe-ac07-a8d3bb3952ae,2021-04-10,2021,4,Jawa Timur,Kediri,35.06,35,Gempabumi,0,0,0,0,1,0,0,0
6f40043c-641d-477f-8e7d-77bd406e588e,2021-04-10,2021,4,Jawa Timur,Malang,35.07,35,Gempabumi,4,0,80,961,1716,3894,5750,0
f413242a-a024-4df6-8975-24226793c310,2021-04-10,2021,4,Jawa Timur,Lumajang,35.08,35,Gempabumi,6,0,16,1093,618,751,1992,0
7723dc1f-31f1-43d8-8ac7-a974365cdfa4,2021-04-10,2021,4,Jawa Timur,Jember,35.09,35,Gempabumi,0,0,2,0,4,20,32,0
7de53a81-91f4-44bd-a8af-6202b969109c,2021-04-10,2021,4,Jawa Timur,Banyuwangi,35.10,35,Gempabumi,0,0,0,0,0,0,0,0
12f19f7c-50ed-46ed-ae46-e11e73e2a032,2021-04-10,2021,4,Jawa Timur,Bondowoso,35.11,35,Gempabumi,0,0,0,0,0,0,2,0
c8fd24f7-1c18-4709-ada8-08f0652f1f64,2021-04-10,2021,4,Jawa Timur,Probolinggo,35.13,35,Gempabumi,0,0,0,0,3,0,7,0
3e2f83b5-ecc7-49cd-8063-3e6d8afa2ba4,2021-04-10,2021,4,Jawa Timur,Pasuruan,35.14,35,Gempabumi,0,0,0,0,0,1,34,0
3f80e37f-cc6a-4707-9dc9-5f27226d17fa,2021-04-10,2021,4,Jawa Timur,Nganjuk,35.18,35,Gempabumi,0,0,0,0,1,0,0,0
32a67d9c-35d5-4d61-9eff-ee636d0f4095,2021-04-10,2021,4,Jawa Timur,Kota Kediri,35.71,35,Gempabumi,0,0,0,0,1,0,0,0
b923edcb-dc9c-48b7-9845-f572ec078b51,2021-04-10,2021,4,Jawa Timur,Kota Blitar,35.72,35,Gempabumi,0,0,2,20,2,17,23,0
f8a68235-9c37-446e-b82f-b2efa2c00249,2021-04-10,2021,4,Jawa Timur,Kota Malang,35.73,35,Gempabumi,0,0,2,0,0,4,3,0
a12f0c0b-73ed-43d0-8c5b-ecf94db3b6d6,2021-04-10,2021,4,Jawa Timur,Kota Batu,35.79,35,Gempabumi,0,0,0,0,0,0,2,0
8a3ac451-bbff-4287-bb8a-9a2b57385328,2021-03-05,2021,3,Sumatera Barat,Kepulauan Mentawai,13.09,13,Gempabumi,0,0,0,500,0,0,0,0
2ff32441-9f08-4a6c-9c6b-904dfb0cb105,2021-02-26,2021,2,Maluku Utara,Halmahera Selatan,82.04,82,Gempabumi,0,0,10,169,0,0,890,0
e27c6fd3-dfbb-459c-b7d1-d2b1a7c15fab,2021-01-31,2021,1,Maluku,Kepulauan Aru,81.07,81,Gempabumi,0,0,0,0,0,0,0,0
4bf816f7-d3d3-4968-847a-25b0f7574c58,2021-01-21,2021,1,Sulawesi Utara,Kepulauan Talaud,71.04,71,Gempabumi,0,0,0,40,0,0,8,0
0940fe6a-51ef-4bb8-a065-a813a7e534c1,2021-01-15,2021,1,Sulawesi Barat,Majene,76.05,76,Gempabumi,11,3,11124,49567,1782,1140,1177,0
a42f2f7e-660c-4c2f-bfed-68f200e53fbd,2021-01-15,2021,1,Sulawesi Barat,Polewali Mandar,76.04,76,Gempabumi,0,0,0,5433,0,0,0,0
42cea6b4-e2b5-4e7a-8a0b-40065cf7716a,2021-01-15,2021,1,Sulawesi Barat,Mamasa,76.03,76,Gempabumi,0,0,0,56,56,96,422,0
e6b0923e-abe4-4a2e-a076-91c35953d14b,2021-01-15,2021,1,Sulawesi Barat,Mamuju,76.02,76,Gempabumi,96,0,0,60505,2054,3843,5526,0
3630f644-2a5e-41c8-b9e2-0465ac0c6f22,2021-01-14,2021,1,Sulawesi Barat,Mamuju Tengah,76.06,76,Gempabumi,0,0,0,5,0,0,0,0
d9a5c686-ea9b-4522-b26b-defd9a19f53f,2021-01-14,2021,1,Sulawesi Barat,Mamuju Tengah,76.06,76,Gempabumi,0,0,0,70,0,0,0,0
7e93684a-df2d-44bb-986c-b37641d74db9,2021-01-14,2021,1,Sulawesi Barat,Mamuju Tengah,76.06,76,Gempabumi,0,0,0,45,0,0,0,0
36d29aae-bdda-4afc-86b7-1ea1da0b72b7,2020-12-11,2020,12,Jawa Barat,Kuningan,32.08,32,Gempabumi,0,0,0,0,0,4,19,0
a01e8a57-a4f3-4fae-b68b-9520a57b2d7c,2020-11-03,2020,11,Jawa Barat,Cianjur,32.03,32,Gempabumi,0,0,0,0,0,1,1,0
8428335f-f100-4bc8-bcfc-cda2ef10074b,2020-10-28,2020,10,Sulawesi Barat,Mamuju Tengah,76.06,76,Gempabumi,0,0,1,44,0,0,13,0
045d7286-9f17-42d9-860a-0b1ccf10bd21,2020-10-25,2020,10,Jawa Barat,Garut,32.05,32,Gempabumi,0,0,0,10,1,0,0,0
485704f8-e26e-4cd0-8846-6e4b2499c91b,2020-10-25,2020,10,Jawa Barat,Tasikmalaya,32.06,32,Gempabumi,0,0,0,0,0,0,27,0
b41fb384-f244-4154-8735-546585e77b85,2020-10-25,2020,10,Jawa Barat,Ciamis,32.07,32,Gempabumi,0,0,2,55,1,2,22,0
1d51d307-1d62-410e-a38d-530352c9c3d0,2020-10-25,2020,10,Jawa Barat,Pangandaran,32.18,32,Gempabumi,0,0,0,30,0,2,5,0
afee48db-d13f-40b0-bfca-1065dcc70de5,2020-10-25,2020,10,Jawa Barat,Kota Tasikmalaya,32.78,32,Gempabumi,0,0,1,0,0,1,2,0
1d00a13b-8890-4fd0-888c-169b1d36bbc9,2020-10-25,2020,10,Jawa Barat,Kota Banjar,32.79,32,Gempabumi,0,0,3,17,1,4,34,0
d84b5e06-e8e7-4896-82cb-89e784146ba0,2020-09-09,2020,9,Sulawesi Utara,Kepulauan Talaud,71.04,71,Gempabumi,0,0,2,0,31,69,36,0
e5cdda58-d48f-4be0-97e6-917c7fcfc3cb,2020-07-07,2020,7,Jawa Tengah,Jepara,33.20,33,Gempabumi,0,0,0,0,0,0,1,0
4c3fb91a-9f13-464a-b183-6e4c1aee6b0a,2020-06-18,2020,6,Aceh,Kota Sabang,11.72,11,Gempabumi,0,0,0,0,0,0,0,0
13ab22d5-f7f4-4a97-ba7d-f95c0cb06c4e,2020-06-13,2020,6,Nusa Tenggara Barat,Sumbawa,52.04,52,Gempabumi,0,0,0,0,0,0,0,0
8ccc8ec8-e981-476b-8d5f-2b68a00ff9a3,2020-06-13,2020,6,Nusa Tenggara Barat,Dompu,52.05,52,Gempabumi,0,0,0,0,0,0,0,0
367ed196-730f-4eba-9a16-e2b23e6de38c,2020-06-04,2020,6,Maluku Utara,Halmahera Barat,82.01,82,Gempabumi,0,0,0,0,0,0,0,0
8ba2a552-b80f-4b30-b086-3aa0b222996d,2020-06-04,2020,6,Maluku Utara,Halmahera Utara,82.03,82,Gempabumi,0,0,0,0,0,0,0,0
b82cd3e9-8412-4ef9-8ef7-61778d5e4f1a,2020-06-04,2020,6,Maluku Utara,Pulau Morotai,82.07,82,Gempabumi,0,0,0,715,14,34,264,0
d2eeb5f9-b686-402f-aa20-710582ddb77b,2020-06-04,2020,6,Maluku Utara,Kota Ternate,82.71,82,Gempabumi,0,0,0,0,0,0,0,0
4f420d58-4575-4c4a-b25e-287f52aad419,2020-06-04,2020,6,Aceh,Kota Sabang,11.72,11,Gempabumi,0,0,0,8,0,0,2,0
2ef5c4e0-4a2b-4b7e-92d1-7dbfc8b97d7e,2020-04-30,2020,4,Sumatera Utara,Tapanuli Selatan,12.03,12,Gempabumi,0,0,0,0,0,0,4,0
8f54c25c-f664-48bb-bbae-61a23755fa8c,2020-03-28,2020,3,Sulawesi Tengah,Sigi,72.10,72,Gempabumi,0,0,9,0,26,51,59,0
e57f54ff-8ae6-4b69-9f93-bc1a5b8b3a70,2020-03-26,2020,3,Papua,Jayapura,91.03,91,Gempabumi,0,0,0,5,0,0,0,0
a527a55b-9a00-47a1-80b3-afcc4accc461,2020-03-11,2020,3,Jawa Barat,Ciamis,32.07,32,Gempabumi,0,0,0,3,1,0,0,0
ede6611e-7711-4d86-b047-3f3436b46320,2020-03-10,2020,3,Jawa Barat,Bogor,32.01,32,Gempabumi,0,0,0,693,3,128,196,0
6b1172b3-7bf0-44ce-bf70-979e276b7423,2020-03-10,2020,3,Jawa Barat,Sukabumi,32.02,32,Gempabumi,0,0,12,3316,168,293,548,0
067bcfff-b7bf-421e-9908-c165e9b7760b,2020-02-08,2020,2,Maluku,Maluku Tengah,81.01,81,Gempabumi,0,0,0,25,0,0,5,0
8b19c5fb-550f-4c06-8b68-038210a0c7e1,2020-01-22,2020,1,Aceh,Simeulue,11.09,11,Gempabumi,0,0,0,0,0,0,1,0
b9471bfd-51e5-4927-b6e5-65814786c064,2020-01-07,2020,1,Aceh,Simeulue,11.09,11,Gempabumi,0,0,0,3,0,0,1,0
f6f8f8dc-028b-4bcd-95c1-c8152d737755,2019-12-26,2019,12,Jawa Barat,Sukabumi,32.02,32,Gempabumi,0,0,0,0,0,0,0,0
0c8ea1ad-7a36-4069-a86c-bc14613e6ad0,2019-11-25,2019,11,Maluku,Maluku Tengah,81.01,81,Gempabumi,0,0,1,0,0,0,0,0
307d80a5-5474-4b25-8e3b-1686ed3d54a9,2019-11-14,2019,11,Sulawesi Utara,Minahasa,71.02,71,Gempabumi,0,0,0,0,0,0,2,0
01f31171-9cb4-4913-bb7b-3a7e8f103bc2,2019-11-14,2019,11,Sulawesi Utara,Minahasa Tenggara,71.07,71,Gempabumi,0,0,0,0,0,0,0,0
ad7aaf22-50eb-4900-add8-00e58125b587,2019-11-14,2019,11,Maluku,Kota Ambon,81.71,81,Gempabumi,0,0,0,0,1,0,0,0
c29853fe-811d-46a9-b861-03916e89fbd8,2019-11-14,2019,11,Maluku Utara,Kota Ternate,82.71,82,Gempabumi,0,0,2,0,0,0,39,0
138f26d7-8afc-4aea-af9a-1719f1056139,2019-11-13,2019,11,Jawa Timur,Lumajang,35.08,35,Gempabumi,0,0,0,0,0,0,9,0
de824c70-0b49-48df-b012-dec7235145ff,2019-11-12,2019,11,Maluku,Maluku Tengah,81.01,81,Gempabumi,0,0,1,0,7,0,22,0
b9dfbb0d-7f3d-45b5-a03c-8e0c1d0068ab,2019-11-12,2019,11,Maluku,Kota Ambon,81.71,81,Gempabumi,1,0,12,0,0,0,94,0
43555940-4982-473f-84e1-4bab41642cea,2019-10-10,2019,10,Maluku,Kota Ambon,81.71,81,Gempabumi,1,0,8,49,7,5,7,0
46eae4aa-a312-4cf4-91f0-d5348debdfad,2019-10-01,2019,10,Jawa Barat,Sukabumi,32.02,32,Gempabumi,0,0,0,4,0,1,0,0
ce5076a0-bd45-45e4-8ef2-3512665e9588,2019-09-26,2019,9,Maluku,Maluku Tengah,81.01,81,Gempabumi,18,0,1150,90833,4446,2454,2106,0
6d1ac609-4919-4434-9880-b9ba5572c2f8,2019-09-26,2019,9,Maluku,Seram Bagian Barat,81.06,81,Gempabumi,11,0,396,111434,731,469,300,0
fd032033-b2e5-40dc-aac1-9580a0ae9277,2019-09-26,2019,9,Maluku,Kota Ambon,81.71,81,Gempabumi,12,0,56,28649,931,394,306,0
3f9bd14d-2e44-4b2f-b8ad-0ed38d9beb65,2019-08-02,2019,8,Lampung,Lampung Selatan,18.01,18,Gempabumi,0,0,0,1050,0,0,0,0
4aac6953-f39f-4150-b0f1-7c6c856f9177,2019-08-02,2019,8,Jawa Barat,Bogor,32.01,32,Gempabumi,0,0,0,321,2,23,7,0
16bdfeab-4b30-4476-9d24-852dad20f78d,2019-08-02,2019,8,Jawa Barat,Sukabumi,32.02,32,Gempabumi,2,0,1,501,17,46,83,0
97de3030-5424-4b35-b126-7bc113014bb9,2019-08-02,2019,8,Jawa Barat,Cianjur,32.03,32,Gempabumi,0,0,0,0,1,7,23,0
db647921-dfd5-4b1c-b62c-c7b268cf65e9,2019-08-02,2019,8,Jawa Barat,Bandung,32.04,32,Gempabumi,0,0,0,0,0,2,0,0
0c3e25ef-dff3-4f7a-8ade-84a93bfeb458,2019-08-02,2019,8,Jawa Barat,Garut,32.05,32,Gempabumi,0,0,0,0,0,3,1,0
fbcf0a1d-ec2e-46fb-94db-d2bbf638c259,2019-08-02,2019,8,Jawa Barat,Bandung Barat,32.17,32,Gempabumi,0,0,0,0,1,1,4,0
02cc2c3b-43d1-4fb6-a8c0-c9fc20009f8a,2019-08-02,2019,8,Jawa Barat,Kota Bogor,32.71,32,Gempabumi,0,0,0,0,0,0,1,0
9f589184-b6cd-447a-b2c5-018bab8fc070,2019-08-02,2019,8,Jawa Barat,Kota Tasikmalaya,32.78,32,Gempabumi,0,0,0,0,0,0,0,0
aca4f0ba-ceb9-4193-b268-858546fa1f87,2019-08-02,2019,8,Jawa Tengah,Cilacap,33.01,33,Gempabumi,0,0,0,0,1,0,0,0
001490b1-bdcf-49cb-b8c4-c4b8406b9abb,2019-08-02,2019,8,Banten,Pandeglang,36.01,36,Gempabumi,2,0,2,0,123,122,363,0
bfb3628b-781b-4be9-8739-f142f8bd08f1,2019-08-02,2019,8,Banten,Lebak,36.02,36,Gempabumi,3,0,0,176,3,0,60,0
2ea83386-b26a-4bcc-886f-3356f9eaee27,2019-08-02,2019,8,Banten,Serang,36.04,36,Gempabumi,0,0,0,0,7,6,14,0
27d9b615-9507-4592-b1de-e68b735e8727,2019-08-02,2019,8,Banten,Kota Cilegon,36.72,36,Gempabumi,0,0,0,0,0,0,3,0
8cc90967-280d-4032-950a-b2af861ef458,2019-07-16,2019,7,Jawa Timur,Jember,35.09,35,Gempabumi,0,0,0,0,0,0,1,0
44310c0f-347d-4bbf-b6ba-1bec1cb45a09,2019-07-16,2019,7,Jawa Timur,Banyuwangi,35.10,35,Gempabumi,0,0,4,0,0,2,1,0
c6c4df05-652a-467f-b687-087e42650bda,2019-07-16,2019,7,Bali,Jembrana,51.01,51,Gempabumi,0,0,2,0,0,0,2,0
4b8282a4-b903-49a1-abf1-3fdad3c19ca2,2019-07-16,2019,7,Bali,Badung,51.03,51,Gempabumi,0,0,3,0,0,0,0,0
5a1eb32b-edd1-40d7-bd07-913e6f19a902,2019-07-16,2019,7,Bali,Gianyar,51.04,51,Gempabumi,0,0,0,0,0,0,2,0
f038e660-15bb-4ce4-9b55-f45927471054,2019-07-16,2019,7,Bali,Buleleng,51.08,51,Gempabumi,0,0,0,0,1,0,1,0
c1a419a6-2339-4cba-940e-d1f4d968ec99,2019-07-16,2019,7,Bali,Kota Denpasar,51.71,51,Gempabumi,0,0,0,0,0,0,0,0
a99292b7-8cd2-4fd0-8f68-877f9ec712eb,2019-07-14,2019,7,Maluku Utara,Halmahera Selatan,82.04,82,Gempabumi,14,0,121,44063,1201,953,746,0
7be12d58-1d2d-414f-8397-af45aada9ab3,2019-07-13,2019,7,Nusa Tenggara Barat,Sumbawa,52.04,52,Gempabumi,0,0,0,0,0,0,1,0
482b55c7-a64e-433b-8a57-026c10463a24,2019-07-11,2019,7,Maluku Utara,Halmahera Selatan,82.04,82,Gempabumi,0,0,0,390,0,0,0,0
0dd6dcc7-6435-4edc-b76e-2b8e6e50ab4c,2019-06-24,2019,6,Maluku,Maluku Barat Daya,81.08,81,Gempabumi,0,0,0,0,0,0,0,0
4a63a914-7088-4f3d-bb88-62e4ddf1df25,2019-06-20,2019,6,Papua,Sarmi,91.10,91,Gempabumi,0,0,3,240,69,32,0,0
12793012-efc1-498d-8586-41d3ed51e9c7,2019-05-22,2019,5,Jawa Tengah,Jepara,33.20,33,Gempabumi,0,0,0,0,0,1,3,0
8f61b2c8-8822-4cf3-9c69-d6eb21edd51a,2019-04-11,2019,4,Sulawesi Tengah,Banggai,72.01,72,Gempabumi,1,0,2,6500,6,3,34,0
8c064af3-a2bc-4d70-848d-5a415cc407dd,2019-04-02,2019,4,Jawa Timur,Sumenep,35.29,35,Gempabumi,0,0,1,0,0,0,97,0
62ffaf7c-a478-4798-856e-a8119e4c11ec,2019-03-24,2019,3,Sulawesi Tengah,Poso,72.02,72,Gempabumi,0,0,0,0,0,0,0,0
ea46116c-9b4b-416b-a1ed-58210e74ccb4,2019-03-21,2019,3,Jawa Barat,Kota Tasikmalaya,32.78,32,Gempabumi,0,0,0,0,0,0,0,0
251ff708-6831-4913-8b5e-d60599e810cc,2019-03-20,2019,3,Sumatera Barat,Padang Pariaman,13.05,13,Gempabumi,0,0,0,43,0,0,15,0
f779db7b-8bd3-4db4-8508-7421995f068b,2019-03-17,2019,3,Nusa Tenggara Barat,Lombok Timur,52.03,52,Gempabumi,4,0,40,25416,876,1617,2096,0
a2bb0698-2ef5-482e-b23a-1b5df67942a2,2019-03-17,2019,3,Nusa Tenggara Barat,Lombok Utara,52.08,52,Gempabumi,0,0,37,0,0,0,0,0
c5ffdf6e-1323-4b42-92d4-5956aba4133d,2019-02-28,2019,2,Sumatera Barat,Solok Selatan,13.11,13,Gempabumi,0,0,62,1452,116,152,212,0
ce84dfbd-1f4f-4326-a1e7-9bb874d95398,2019-02-11,2019,2,Jawa Barat,Garut,32.05,32,Gempabumi,0,0,0,0,0,0,0,0
40bc10b7-0ede-4aea-aed9-7af38196ac52,2019-02-07,2019,2,Maluku Utara,Pulau Morotai,82.07,82,Gempabumi,0,0,0,748,0,0,44,0
b796adc0-77a2-4be4-9f73-239b749c4c3a,2019-02-02,2019,2,Sumatera Barat,Kepulauan Mentawai,13.09,13,Gempabumi,0,0,0,0,0,11,0,0
446c4e74-06ac-433b-9b79-2f390fee6928,2019-01-26,2019,1,Maluku,Maluku Tenggara,81.02,81,Gempabumi,0,0,1,0,0,0,3,0
02a718b0-0116-4741-a787-8d0d0e961768,2019-01-22,2019,1,Nusa Tenggara Timur,Sumba Barat,53.12,53,Gempabumi,0,0,0,0,0,0,0,0
b42f8022-7837-43a4-a549-d3cea07ffaee,2019-01-08,2019,1,Jawa Barat,Sukabumi,32.02,32,Gempabumi,0,0,0,5,0,1,0,0
675868d8-6a9f-4271-a557-d93d90a12375,2018-12-28,2018,12,Papua Barat,Manokwari,92.02,92,Gempabumi,0,0,0,0,0,0,0,0
03dffacf-0343-4dfa-b072-88ff94b4ed08,2018-12-17,2018,12,Sulawesi Selatan,Wajo,73.13,73,Gempabumi,0,0,0,35,0,0,3,0
dface90c-3b3b-41e1-b9b4-1e0170396be5,2018-12-06,2018,12,Bali,Karangasem,51.07,51,Gempabumi,0,0,0,0,0,0,0,0
df011174-81b8-4869-a9b8-c9a586ae1b29,2018-12-06,2018,12,Bali,Buleleng,51.08,51,Gempabumi,0,0,0,0,0,0,1,0
64280fa7-2e6f-4b97-8c75-e12106d7966e,2018-12-06,2018,12,Nusa Tenggara Barat,Lombok Barat,52.01,52,Gempabumi,0,0,7,0,0,0,0,0
a3b53de7-6b59-4fa4-a76c-8a292d9170a3,2018-12-06,2018,12,Nusa Tenggara Barat,Lombok Utara,52.08,52,Gempabumi,0,0,4,0,0,0,0,0
e9079366-b336-4843-b4d3-fbe329ce9df2,2018-11-15,2018,11,Bali,Tabanan,51.02,51,Gempabumi,0,0,0,0,0,0,0,0
cc5caaec-fb53-406c-9e44-b28755c356a3,2018-11-15,2018,11,Sulawesi Barat,Mamasa,76.03,76,Gempabumi,0,0,0,22375,29,35,175,0
5b15a097-bbc5-4f88-a91c-5ffaf3d96ac3,2018-11-08,2018,11,Sulawesi Barat,Mamasa,76.03,76,Gempabumi,0,0,0,15416,0,0,17,0
31fb3d17-3b7b-4a3d-b0b4-c953dd18beed,2018-10-11,2018,10,Jawa Timur,Jember,35.09,35,Gempabumi,1,0,0,0,2,20,8,0
57e19071-c6e7-418b-a30c-68873f44866a,2018-10-11,2018,10,Jawa Timur,Situbondo,35.12,35,Gempabumi,0,0,1,0,11,0,5,0
94a03cf0-0083-4d08-a4f6-4d1e9316d9e3,2018-10-11,2018,10,Jawa Timur,Probolinggo,35.13,35,Gempabumi,0,0,0,0,0,2,0,0
38b70bdb-18c2-467b-bc47-615c9197eba4,2018-10-11,2018,10,Jawa Timur,Sumenep,35.29,35,Gempabumi,3,0,35,0,504,0,0,0
f989287b-53be-4724-b0e6-d0551d27174b,2018-10-11,2018,10,Bali,Jembrana,51.01,51,Gempabumi,0,0,0,0,0,0,22,0
75676ea9-c6fb-4bc2-9dc5-8f7baa3a3915,2018-10-11,2018,10,Bali,Buleleng,51.08,51,Gempabumi,0,0,0,0,0,2,2,0
dc2271a5-fe84-4cc1-840a-aff889f93922,2018-10-09,2018,10,Sulawesi Selatan,Sidenreng Rappang,73.14,73,Gempabumi,0,0,0,0,0,0,0,0
0bc8259f-75b0-4b89-8730-9ef23b12758c,2018-10-02,2018,10,Nusa Tenggara Timur,Sumba Timur,53.11,53,Gempabumi,0,0,0,65,0,0,0,0
d5897e1c-cc75-4117-98cb-a0e86eb4e47d,2018-09-28,2018,9,Sulawesi Tengah,Donggala,72.03,72,Gempabumi,212,19,1750,82891,7290,6099,7989,0
a314b0b7-8c21-4dc3-bed5-16de1326be4f,2018-09-28,2018,9,Sulawesi Tengah,Parigi Moutong,72.08,72,Gempabumi,15,0,15,578,427,923,4232,0
79a6dc63-3f74-4b80-92be-8b3af1d50df6,2018-09-28,2018,9,Sulawesi Tengah,Sigi,72.10,72,Gempabumi,289,116,1112,76835,8342,5960,13850,0
5d0740fb-575c-4024-aca6-f1e17232723b,2018-09-28,2018,9,Sulawesi Tengah,Kota Palu,72.71,72,Gempabumi,3624,570,1561,52415,18107,15917,21078,0
282c64c6-b338-41a6-b48a-b9a16b9f224f,2018-09-28,2018,9,Sulawesi Barat,Pasangkayu,76.01,76,Gempabumi,1,0,0,8731,0,0,0,0
04609bd1-644e-43c9-871e-a73cf68bcd95,2018-08-19,2018,8,Bali,Badung,51.03,51,Gempabumi,0,0,0,0,0,0,1,0
41e1e7f1-3ac0-473e-9f7d-bda2514d08f2,2018-08-19,2018,8,Nusa Tenggara Barat,Lombok Tengah,52.02,52,Gempabumi,1,0,0,0,2884,5639,5252,0
c0a411c1-0bcf-4137-a3b4-e1871bebc909,2018-08-19,2018,8,Nusa Tenggara Barat,Lombok Timur,52.03,52,Gempabumi,8,0,111,104060,7376,3543,11581,0
e18a0264-df9c-45d8-a5ac-087614b39233,2018-08-19,2018,8,Nusa Tenggara Barat,Sumbawa,52.04,52,Gempabumi,5,0,53,41003,2169,2310,7513,0
ddbd9c2e-9603-4cce-a3d4-41bd28738ba4,2018-08-19,2018,8,Nusa Tenggara Barat,Sumbawa Barat,52.07,52,Gempabumi,2,0,0,0,1240,4379,12895,0
f945ecc5-9a8f-45fe-845b-c58661cc4db9,2018-08-15,2018,8,Bali,Tabanan,51.02,51,Gempabumi,0,0,0,0,1,0,0,0
f1711f5e-31fd-404c-b2a0-80491f1b8c14,2018-08-15,2018,8,Bali,Buleleng,51.08,51,Gempabumi,0,0,1,0,0,0,0,0
4e674fb2-f6f1-494a-8927-fe22228c755c,2018-08-13,2018,8,Bali,Tabanan,51.02,51,Gempabumi,0,0,0,0,0,2,7,0
638c7f2c-a4fd-43c2-943c-38bf72f73977,2018-08-09,2018,8,Bali,Tabanan,51.02,51,Gempabumi,0,0,0,0,0,0,0,0
6080c9e5-1cb8-4036-9083-38e0ee0bea62,2018-08-09,2018,8,Bali,Buleleng,51.08,51,Gempabumi,0,0,0,0,1,1,0,0
66f608e4-faae-4420-81d2-251187ff9700,2018-08-08,2018,8,Bali,Tabanan,51.02,51,Gempabumi,0,0,0,0,0,0,12,0
891b1267-2e11-451b-94c2-a97d3101d8ce,2018-08-07,2018,8,Bali,Tabanan,51.02,51,Gempabumi,3,0,0,0,0,0,0,0
ff960bc0-2706-4ad0-9499-3e02247b738c,2018-08-06,2018,8,Bali,Tabanan,51.02,51,Gempabumi,0,0,0,0,0,1,0,0
a3c7cb27-94b1-4a61-b7db-597ec1e1a373,2018-08-06,2018,8,Bali,Gianyar,51.04,51,Gempabumi,0,0,0,0,0,0,0,0
2c3a254b-ce98-4c80-98b4-1519f330aabf,2018-08-06,2018,8,Bali,Klungkung,51.05,51,Gempabumi,0,0,0,0,1,3,14,0
76a8f285-a54e-4e39-922d-66f07137197c,2018-08-05,2018,8,Bali,Bangli,51.06,51,Gempabumi,0,0,4,0,13,7,10,0
64219fe6-e706-488b-adda-626a1f13b7b3,2018-08-05,2018,8,Bali,Karangasem,51.07,51,Gempabumi,0,0,8,0,0,0,0,0
03f8c058-06ac-402c-97f6-1caa276c195b,2018-08-05,2018,8,Bali,Buleleng,51.08,51,Gempabumi,0,0,2,0,6,3,55,0
0026a233-d68a-4654-b072-0f5c74434b36,2018-08-05,2018,8,Bali,Kota Denpasar,51.71,51,Gempabumi,2,0,0,0,0,38,0,0
9735493a-dc99-4727-a207-52904ce790ac,2018-08-05,2018,8,Nusa Tenggara Barat,Lombok Barat,52.01,52,Gempabumi,44,0,399,116453,13936,12654,45604,0
709b8141-886e-43c3-a3a4-b83163daa9cd,2018-08-05,2018,8,Nusa Tenggara Barat,Lombok Tengah,52.02,52,Gempabumi,1,0,3,13887,0,0,11232,0
3a1ff58f-1df3-4772-9923-a46b276e5bb5,2018-08-05,2018,8,Nusa Tenggara Barat,Lombok Timur,52.03,52,Gempabumi,8,0,0,0,0,0,0,0
40a2aae2-d580-489e-ad77-9c6509830c1b,2018-08-05,2018,8,Nusa Tenggara Barat,Lombok Utara,52.08,52,Gempabumi,464,0,829,101735,40795,0,0,0
6ea1e401-fada-4c49-b607-961cca2f3428,2018-08-05,2018,8,Nusa Tenggara Barat,Kota Mataram,52.71,52,Gempabumi,9,0,63,18894,2396,2777,8264,0
b6b423c4-97eb-4582-8c6e-436f1b6447dc,2018-07-29,2018,7,Bali,Karangasem,51.07,51,Gempabumi,0,0,0,0,0,0,0,0
8d7dbaae-e067-4e30-9dd3-562c710afc95,2018-07-29,2018,7,Nusa Tenggara Barat,Lombok Barat,52.01,52,Gempabumi,0,0,0,0,6,14,8,0
4228cb2e-1d78-4553-a340-c77e5ebf4045,2018-07-29,2018,7,Nusa Tenggara Barat,Lombok Timur,52.03,52,Gempabumi,17,0,353,32448,1117,0,1876,0
0b21df5e-809d-43a7-91ee-a5f6221a905d,2018-07-29,2018,7,Nusa Tenggara Barat,Sumbawa Barat,52.07,52,Gempabumi,0,0,0,0,0,1,0,0
719e682a-40d4-48b5-97e9-1b52c5822ee2,2018-07-29,2018,7,Nusa Tenggara Barat,Lombok Utara,52.08,52,Gempabumi,5,0,71,25083,3219,2579,4420,0
d4755128-3383-4f1a-96da-aa85183b42f6,2018-07-29,2018,7,Nusa Tenggara Barat,Kota Mataram,52.71,52,Gempabumi,0,0,1,0,0,0,0,0
eba7c681-df80-4d5e-b653-07de380eac7d,2018-07-21,2018,7,Sumatera Barat,Solok,13.02,13,Gempabumi,1,0,8,54,19,5,63,0
7b9a4838-de1c-4e38-a9dd-a8e1c14f21fe,2018-07-21,2018,7,Sumatera Barat,Kota Padang,13.71,13,Gempabumi,0,0,0,0,6,0,19,0
06678159-52a4-4077-88f6-ea3e3237b56e,2018-07-07,2018,7,Jawa Barat,Sukabumi,32.02,32,Gempabumi,0,0,0,175,2,6,27,0
b69fd31f-1dd0-4846-8e0d-1e4c85148fd7,2018-06-15,2018,6,Papua,Sarmi,91.10,91,Gempabumi,0,0,0,0,0,0,4,0
49b6ee9f-ae79-4767-b3a2-f1ccae2eccef,2018-06-13,2018,6,Jawa Timur,Sumenep,35.29,35,Gempabumi,0,0,6,0,48,14,94,0
672dd0c1-50ac-45ca-8c5d-a3f060ddfd60,2018-04-18,2018,4,Jawa Tengah,Banjarnegara,33.04,33,Gempabumi,2,0,41,5739,231,182,280,0
89e86073-cb4f-4693-a275-86588274e1b3,2018-04-16,2018,4,Maluku Utara,Halmahera Barat,82.01,82,Gempabumi,0,0,0,0,0,0,7,0
896d57f8-8cd1-497f-9478-d12c63118e3a,2018-02-08,2018,2,Aceh,Pidie,11.07,11,Gempabumi,0,0,0,0,2,45,31,0
a9856a1e-da1a-4ac6-a272-29a0ffa1b355,2018-01-23,2018,1,DKI Jakarta,Kota Adm. Jakarta Timur,31.75,31,Gempabumi,0,0,1,0,0,0,0,0
03969b31-5f72-4d8a-a2c1-fb3d4c5878b2,2018-01-23,2018,1,Jawa Barat,Bogor,32.01,32,Gempabumi,0,0,1,3408,62,220,523,0
e4d6eac0-611b-4a5f-87b1-9af3db0e5791,2018-01-23,2018,1,Jawa Barat,Sukabumi,32.02,32,Gempabumi,0,0,12,4767,831,2083,3425,0
c4b390a6-8e40-46f0-9b9c-381bf9a7f3f4,2018-01-23,2018,1,Jawa Barat,Cianjur,32.03,32,Gempabumi,0,0,8,0,2,1,6,0
0bb46e88-ea6b-483c-ac89-0771d137e173,2018-01-23,2018,1,Jawa Barat,Kota Bogor,32.71,32,Gempabumi,0,0,0,0,0,0,3,0
3b8af789-bc34-42fb-bfb3-96f92f8f766c,2018-01-23,2018,1,Banten,Pandeglang,36.01,36,Gempabumi,0,0,0,0,2,1,6,0
c7b1f59f-605b-486b-a864-71d1394da550,2018-01-23,2018,1,Banten,Lebak,36.02,36,Gempabumi,1,0,2,0,137,161,776,0
e8fc0a40-95fb-4e44-94c0-3eb9caaf9d13,2018-01-23,2018,1,Banten,Tangerang,36.03,36,Gempabumi,0,0,0,0,0,0,0,0
458546ac-d28c-4d33-947e-8f2c7d767c24,2018-01-23,2018,1,Banten,Serang,36.04,36,Gempabumi,0,0,0,0,0,0,4,0
4a3db223-2f21-48e7-9a37-c2ec4bd4be0e,2017-12-15,2017,12,Jawa Barat,Sukabumi,32.02,32,Gempabumi,0,0,0,0,0,2,1,0
2216561f-016d-4fc0-8082-a3895af4d0bf,2017-12-15,2017,12,Jawa Barat,Cianjur,32.03,32,Gempabumi,0,0,0,0,1,0,1,0
9e6adb17-9248-466c-8005-c41d79e1d7d6,2017-12-15,2017,12,Jawa Barat,Bandung,32.04,32,Gempabumi,0,0,0,0,2,0,0,0
10352259-3853-439b-8b91-115e0814b329,2017-12-15,2017,12,Jawa Barat,Garut,32.05,32,Gempabumi,0,0,0,0,6,23,110,0
44ab5581-836d-467f-be2c-e8a6cfff937d,2017-12-15,2017,12,Jawa Barat,Tasikmalaya,32.06,32,Gempabumi,0,0,0,0,236,193,1139,0
7ffae9f8-8714-468d-8a57-598de1b0423b,2017-12-15,2017,12,Jawa Barat,Ciamis,32.07,32,Gempabumi,1,0,0,285,275,651,921,0
b271344b-d73a-4b53-96ee-ca3cd36de476,2017-12-15,2017,12,Jawa Barat,Pangandaran,32.18,32,Gempabumi,0,0,2,482,91,202,561,0
9bae0115-4b3f-4e05-9061-b949ee718edc,2017-12-15,2017,12,Jawa Barat,Kota Tasikmalaya,32.78,32,Gempabumi,0,0,0,23,155,290,220,0
36c6c3a3-1533-4c8f-847a-ab00970dd92b,2017-12-15,2017,12,Jawa Barat,Kota Banjar,32.79,32,Gempabumi,1,0,0,21,0,26,107,0
11072fa9-9e33-43d9-8802-e0265c825823,2017-12-15,2017,12,Jawa Tengah,Cilacap,33.01,33,Gempabumi,0,0,0,0,245,166,761,0
eff21cc1-d5f3-4965-a491-ef7fd9ff5508,2017-12-15,2017,12,Jawa Tengah,Banyumas,33.02,33,Gempabumi,0,0,1,0,26,19,76,0
45ae1873-d48e-48e6-9549-acda490fa2a9,2017-12-15,2017,12,Jawa Tengah,Banjarnegara,33.04,33,Gempabumi,0,0,0,0,0,2,0,0
af7e0442-4490-403e-8913-4a42f54d8d60,2017-12-15,2017,12,Jawa Tengah,Kebumen,33.05,33,Gempabumi,0,0,0,0,2,18,17,0
ceb7057c-f648-4846-b246-b7aab091e333,2017-12-15,2017,12,Jawa Tengah,Purworejo,33.06,33,Gempabumi,0,0,1,0,0,0,0,0
bfff2bc7-2d81-4b14-b856-38e5972c6457,2017-12-15,2017,12,Jawa Tengah,Wonosobo,33.07,33,Gempabumi,0,0,0,0,1,0,3,0
1fb5866a-cb98-49f2-acd2-00cbc724687b,2017-12-15,2017,12,Jawa Tengah,Pekalongan,33.26,33,Gempabumi,0,0,0,0,1,0,0,0
5ddbdb2f-e39c-463d-b8ae-c82505d0b9b3,2017-12-15,2017,12,Jawa Tengah,Brebes,33.29,33,Gempabumi,0,0,1,0,0,4,0,0
2f504e76-bef7-4b40-9e28-05910f542c05,2017-12-15,2017,12,Jawa Tengah,Kota Pekalongan,33.75,33,Gempabumi,1,0,0,0,2,2,0,0
fbc56553-a00b-4538-8bda-0b9a86d91d38,2017-12-15,2017,12,Daerah Istimewa Yogyakarta,Bantul,34.02,34,Gempabumi,1,0,0,0,0,0,0,0
6572a457-b198-488c-b808-83ca4bea7ec9,2017-12-15,2017,12,Daerah Istimewa Yogyakarta,Sleman,34.04,34,Gempabumi,0,0,0,0,0,0,1,0
8f5f0223-13c5-4665-b2ca-c3182444d9ba,2017-12-06,2017,12,Bengkulu,Lebong,17.07,17,Gempabumi,0,0,1,25,41,107,99,0
85d3e024-b4cc-4688-8491-2769ca2521d1,2017-11-18,2017,11,Maluku Utara,Pulau Morotai,82.07,82,Gempabumi,1,0,63,3486,160,133,19,0
355d2e7d-113c-4226-ab3b-e659e511aa57,2017-10-31,2017,10,Maluku,Kota Ambon,81.71,81,Gempabumi,0,0,0,0,0,31,33,0
30854e3b-e3d3-4ea8-aaac-55eb28135ccd,2017-10-28,2017,10,Papua,Kota Jayapura,91.71,91,Gempabumi,0,0,7,0,0,0,0,0
ab251d13-edd0-4ad9-8ede-3e5d70a08763,2017-10-10,2017,10,Nusa Tenggara Timur,Lembata,53.13,53,Gempabumi,0,0,2,2242,44,4,88,0
c2af2911-4745-471a-b823-c874d112a4aa,2017-09-28,2017,9,Maluku Utara,Halmahera Barat,82.01,82,Gempabumi,0,0,3,0,0,0,0,0
8c1456dd-8e25-432f-af88-21e3d69685eb,2017-09-01,2017,9,Sumatera Barat,Agam,13.06,13,Gempabumi,0,0,0,0,0,0,9,0
3ed21089-dd1e-41ea-b825-2a87eee3578f,2017-09-01,2017,9,Sumatera Barat,Kota Padang,13.71,13,Gempabumi,0,0,1,0,0,0,0,0
f44d044a-ad3d-4883-9634-4a8da25021ff,2017-08-13,2017,8,Bengkulu,Muko Muko,17.06,17,Gempabumi,0,0,0,0,0,2,2,0
41ea366b-cf60-442e-b7d6-f143a7425502,2017-07-18,2017,7,Jawa Barat,Bandung,32.04,32,Gempabumi,0,0,0,0,0,0,2,0
f00329b8-790b-498d-83bc-3040f0ddafdb,2017-07-15,2017,7,Gorontalo,Boalemo,75.02,75,Gempabumi,0,0,0,0,0,0,6,0
4e54d8fc-d118-4db8-bb58-dd8fd1a54077,2017-07-14,2017,7,Sumatera Utara,Kota Padang Sidempuan,12.77,12,Gempabumi,0,0,1,0,19,7,59,0
84f11fe1-027e-4fce-83c3-55ad0f04e148,2017-05-29,2017,5,Aceh,Gayo Lues,11.13,11,Gempabumi,0,0,0,0,1,0,25,0
491535cd-f0d2-4a7e-98eb-4763152c22c6,2017-05-29,2017,5,Sulawesi Tengah,Poso,72.02,72,Gempabumi,0,0,25,1073,183,197,148,0
d3081885-5c44-4414-bc58-c2ae608f391f,2017-05-29,2017,5,Sulawesi Tengah,Sigi,72.10,72,Gempabumi,0,0,0,0,0,0,20,0
db0dbad4-9761-4718-84b9-aa89df34bf00,2017-04-24,2017,4,Jawa Barat,Tasikmalaya,32.06,32,Gempabumi,0,0,3,107,2,15,256,0
b13f4743-b74b-459d-b5c8-35ad94a17008,2017-04-21,2017,4,Sumatera Barat,Kepulauan Mentawai,13.09,13,Gempabumi,0,0,0,0,1,0,0,0
85f045fe-891a-4030-ae67-449252982c70,2017-03-22,2017,3,Bali,Kota Denpasar,51.71,51,Gempabumi,0,0,4,0,0,0,4,0
967aef38-02e7-4ee3-a7d9-182ffaf3a11e,2017-03-08,2017,3,Maluku Utara,Pulau Morotai,82.07,82,Gempabumi,0,0,0,0,0,0,0,0
2c7e4d0f-555d-4b1b-9946-93987bfacf84,2017-02-16,2017,2,Aceh,Pidie Jaya,11.18,11,Gempabumi,0,0,15,0,0,0,0,0
d00cf818-0042-4625-9b6a-6eb6fae2daba,2017-01-16,2017,1,Sumatera Utara,Deli Serdang,12.07,12,Gempabumi,0,0,0,0,7,0,71,0
6ef1646e-ee06-4fa1-8b19-d4c6d464c1a7,2016-12-07,2016,12,Aceh,Pidie,11.07,11,Gempabumi,5,0,73,4295,42,201,0,0
6b62b417-97bf-4af1-8335-34541a8ce12a,2016-12-07,2016,12,Aceh,Bireuen,11.11,11,Gempabumi,2,0,270,1716,105,208,523,0
834c6b09-0d25-4c92-b0b5-5ede5d303e3b,2016-12-07,2016,12,Aceh,Pidie Jaya,11.18,11,Gempabumi,96,0,589,102350,2414,2153,3661,0
34a5a963-6812-4761-9079-778e01f84052,2016-11-16,2016,11,Jawa Timur,Malang,35.07,35,Gempabumi,0,0,0,0,7,22,79,0
91f5c439-8ddb-4aab-9ac1-10d476a83977,2016-11-16,2016,11,Jawa Timur,Jember,35.09,35,Gempabumi,0,0,0,0,7,0,0,0
24b8e185-ae5e-49d1-9448-cf08b453687c,2016-11-06,2016,11,Jawa Barat,Kota Bandung,32.73,32,Gempabumi,1,0,0,0,2,0,2,0
7d8aebaf-e0d0-4d6e-8627-0b3a26a6d50e,2016-08-01,2016,8,Nusa Tenggara Barat,Dompu,52.05,52,Gempabumi,0,0,4,0,91,85,516,0
c2ec6d25-35dd-434a-8f08-b305f74bc0bf,2016-06-08,2016,6,Maluku Utara,Kota Ternate,82.71,82,Gempabumi,0,0,0,122,7,0,25,0
6ea331e2-dc88-4720-846d-8d367d5b6d97,2016-06-02,2016,6,Sumatera Barat,Pesisir Selatan,13.01,13,Gempabumi,0,0,21,100,103,621,1903,0
7166db54-f663-4a34-a46c-c65795e9c561,2016-06-02,2016,6,Sumatera Barat,Kota Padang,13.71,13,Gempabumi,1,0,2,0,0,0,0,0
e641d45c-6b72-4bbd-be59-58a10886b6c2,2016-06-02,2016,6,Jambi,Kerinci,15.01,15,Gempabumi,0,0,0,0,1,3,6,0
67aacb9b-a030-4365-9483-e3ab4639492f,2016-06-02,2016,6,Bengkulu,Muko Muko,17.06,17,Gempabumi,0,0,0,0,43,52,206,0
0cceefa7-86a8-4fad-8755-e01b7d3266e7,2016-04-10,2016,4,Bengkulu,Bengkulu Tengah,17.09,17,Gempabumi,0,0,0,0,0,10,3,0
fbe43d1c-a8fd-460e-a678-4e9455ea566b,2016-04-04,2016,4,Jawa Timur,Situbondo,35.12,35,Gempabumi,0,0,0,0,0,2,0,0
e1973760-7877-42a5-b481-17efe9ca31ea,2016-03-31,2016,3,Nusa Tenggara Barat,Lombok Utara,52.08,52,Gempabumi,0,0,0,0,0,0,41,0
d5475771-d453-4744-bd72-5c200401adb7,2016-02-24,2016,2,Maluku Utara,Halmahera Barat,82.01,82,Gempabumi,0,0,1,0,0,111,2,0
cf3647e3-8488-406d-a3a2-e75137194588,2016-02-12,2016,2,Nusa Tenggara Timur,Sumba Barat,53.12,53,Gempabumi,0,0,0,0,0,0,10,0
fd1b2015-e0d6-4e04-a644-06855847a778,2016-01-17,2016,1,Maluku,Buru,81.04,81,Gempabumi,1,0,14,750,144,152,324,0
9673f112-7c4a-421a-b0f5-e163479b550e,2015-12-28,2015,12,Maluku,Seram Bagian Barat,81.06,81,Gempabumi,0,0,0,0,0,0,3,0
9811d202-6c13-41d9-b5d1-43fffae9ce44,2015-12-21,2015,12,Kalimantan Utara,Kota Tarakan,65.71,65,Gempabumi,0,0,5,0,2,5,2,0
339bb786-b289-4bda-80aa-8604e3a1c8cb,2015-11-28,2015,11,Banten,Pandeglang,36.01,36,Gempabumi,0,0,0,0,2,2,0,0
a839cbdb-0b23-464c-ba71-d628154da0f7,2015-11-16,2015,11,Maluku Utara,Halmahera Barat,82.01,82,Gempabumi,0,0,1,11796,237,193,612,0
00a92d70-251e-4996-ac47-481e95b5acc8,2015-11-08,2015,11,Aceh,Kota Sabang,11.72,11,Gempabumi,0,0,0,0,1,0,0,0
e007c13e-258b-407f-ab1c-6812aa1769f0,2015-11-04,2015,11,Banten,Pandeglang,36.01,36,Gempabumi,0,0,0,0,0,0,0,0
9c65fc1f-1265-4f7f-91a7-bcc5839e72f3,2015-11-04,2015,11,Nusa Tenggara Timur,Alor,53.05,53,Gempabumi,0,0,3,5439,331,0,667,0
8f1de0f8-3596-4179-92fb-bfc467a5eb55,2015-07-28,2015,7,Papua,Mamberamo Raya,91.20,91,Gempabumi,0,0,1,0,1,0,2,0
f46eaefb-be07-40e1-813c-516824c53ecd,2015-07-26,2015,7,Jawa Timur,Lumajang,35.08,35,Gempabumi,0,0,0,0,0,0,14,0
622b41a1-f2a1-42df-976a-ed46a4ba0874,2015-07-25,2015,7,Jawa Tengah,Cilacap,33.01,33,Gempabumi,0,0,0,3,0,2,2,0
5c593f90-e354-49cb-8e70-542081f6f5d5,2015-06-25,2015,6,Jawa Timur,Madiun,35.19,35,Gempabumi,0,0,0,0,0,7,51,0
8b7170ae-2780-4d2e-92fa-409f7450b549,2015-06-16,2015,6,Nusa Tenggara Timur,Timor Tengah Selatan,53.02,53,Gempabumi,0,0,0,0,0,0,0,0
094f8e8e-2175-4421-baca-ed3c76e7698f,2015-06-16,2015,6,Sulawesi Utara,Kepulauan Sangihe,71.03,71,Gempabumi,0,0,0,0,0,0,0,0
ef4c6ede-6ea3-4239-8dd6-19f5fe79346f,2015-06-16,2015,6,Gorontalo,Bone Bolango,75.03,75,Gempabumi,0,0,0,0,0,0,0,0
968107e2-6c88-4341-ad81-e785296b0309,2015-06-15,2015,6,Sulawesi Utara,Minahasa Utara,71.06,71,Gempabumi,0,0,0,0,0,0,0,0
a8051d72-de15-485a-bbee-68ebdd5e48a5,2015-06-13,2015,6,Sumatera Barat,Solok Selatan,13.11,13,Gempabumi,0,0,0,0,0,0,0,0
236a0f13-cc36-43af-8de4-d5c67c71ffae,2015-06-11,2015,6,Nusa Tenggara Timur,Sumba Timur,53.11,53,Gempabumi,0,0,0,0,0,0,0,0
b6950783-bd63-46dc-8c1c-719e80b00045,2015-06-10,2015,6,Maluku,Maluku Tenggara,81.02,81,Gempabumi,0,0,0,0,0,0,0,0
f53542a7-72a2-4b6a-b149-414a3271edc4,2015-06-05,2015,6,Jawa Timur,Trenggalek,35.03,35,Gempabumi,0,0,0,0,0,0,0,0
73147af9-ce7e-44a4-bf0f-36a32b19884c,2015-06-01,2015,6,Aceh,Aceh Jaya,11.14,11,Gempabumi,0,0,0,0,0,0,0,0
d9d432d3-f23d-4407-9560-dc8cca86b898,2015-06-01,2015,6,Maluku,Kota Ambon,81.71,81,Gempabumi,0,0,0,0,0,0,0,0
bc2dde97-19a2-49ce-92d2-940c27c948eb,2015-05-31,2015,5,Bengkulu,Kaur,17.04,17,Gempabumi,0,0,0,0,0,0,0,0
74168d18-0ea8-40b1-92f6-d3e9ed50b03c,2015-05-31,2015,5,Papua,Supiori,91.19,91,Gempabumi,0,0,0,0,0,0,0,0
7170fd14-6b22-4d8a-95fa-f7598dcc2bfc,2015-03-18,2015,3,Maluku Utara,Halmahera Barat,82.01,82,Gempabumi,0,0,0,0,11,10,15,0
cb65b3ab-03fc-40a0-9457-3fc8a1869192,2015-02-08,2015,2,Sulawesi Barat,Mamuju,76.02,76,Gempabumi,0,0,0,144,0,0,19,0
95890b57-80a7-417f-a0a2-aedd110bdcd6,2014-11-21,2014,11,Maluku Utara,Halmahera Barat,82.01,82,Gempabumi,0,0,1,200,8,26,65,0
91a2bd56-43c7-4037-8de7-d7aa21527366,2014-11-15,2014,11,Sulawesi Utara,Kota Manado,71.71,71,Gempabumi,0,0,0,0,0,0,4,0
614f6651-8ea7-4382-b60e-852d7fa30905,2014-10-28,2014,10,Bengkulu,Kepahiang,17.08,17,Gempabumi,0,0,0,0,0,0,12,0
49b44256-fe15-4c7d-a4b0-f56d880388f0,2014-09-11,2014,9,Sumatera Barat,Tanah Datar,13.04,13,Gempabumi,0,0,2,0,0,18,187,0
53996ea9-9513-44d3-a9c9-c44fcdb82292,2014-09-11,2014,9,Sumatera Barat,Kota Padang Panjang,13.74,13,Gempabumi,0,0,2,0,0,1,14,0
31300447-9579-446a-be98-b772621939ec,2014-07-14,2014,7,Jawa Timur,Magetan,35.20,35,Gempabumi,0,0,0,0,1,1,0,0
263c5533-dbd3-476e-92ea-2af033df2152,2014-06-22,2014,6,Jawa Barat,Tasikmalaya,32.06,32,Gempabumi,0,0,0,45,0,1,10,0
00ad64d6-5e6d-4ef9-92e9-0c45a825be42,2014-05-04,2014,5,Jawa Timur,Situbondo,35.12,35,Gempabumi,0,0,0,0,0,0,3,0
400214cb-d04d-41e3-a9f3-922b663ff853,2014-05-02,2014,5,Maluku,Kota Ambon,81.71,81,Gempabumi,0,0,0,0,0,0,67,0
51a4e3dc-27e7-4772-b9a9-f88bb851a10f,2014-03-31,2014,3,Sumatera Selatan,Ogan Komering Ulu Selatan,16.09,16,Gempabumi,0,0,0,48,1,0,11,0
7bf3e373-80b7-4675-b558-a3b1564d6754,2014-01-27,2014,1,Jawa Barat,Ciamis,32.07,32,Gempabumi,0,0,0,5,0,0,1,0
655f8977-42d5-47d8-9139-b098f88c2e4b,2014-01-25,2014,1,Jawa Barat,Garut,32.05,32,Gempabumi,0,0,0,31,4,0,4,0
8cab30d8-1706-469b-a887-100d970ce4be,2014-01-25,2014,1,Jawa Barat,Pangandaran,32.18,32,Gempabumi,0,0,0,0,0,0,7,0
37feb06b-5df2-4525-9d9b-706c3a6c3465,2014-01-25,2014,1,Jawa Tengah,Cilacap,33.01,33,Gempabumi,0,0,0,0,23,16,45,0
5f70dd5b-259e-4fc0-88cf-585e225e641c,2014-01-25,2014,1,Jawa Tengah,Banyumas,33.02,33,Gempabumi,0,0,0,0,129,0,0,0
b25806b2-dd80-4f82-b9bf-1cf9a071b1db,2014-01-25,2014,1,Jawa Tengah,Kebumen,33.05,33,Gempabumi,0,0,0,0,3,0,1,0
75030996-3e1d-49e6-81fd-8c9d09fa2161,2014-01-25,2014,1,Jawa Tengah,Purworejo,33.06,33,Gempabumi,0,0,0,0,10,0,0,0
3615075d-462e-4345-97df-14cd689f4c0c,2014-01-25,2014,1,Daerah Istimewa Yogyakarta,Bantul,34.02,34,Gempabumi,0,0,0,0,0,0,5,0
ed389c5a-7261-44b4-a286-b8ed1d6cea0b,2014-01-15,2014,1,Jawa Barat,Sukabumi,32.02,32,Gempabumi,0,0,0,0,0,0,0,0
35877773-dda6-495a-a7e9-20c6d9b7d101,2013-12-18,2013,12,Jawa Barat,Sukabumi,32.02,32,Gempabumi,0,0,0,0,2,18,326,0
60a9d7da-1b6c-44b5-928b-e20719cc05c1,2013-10-31,2013,10,Jawa Barat,Tasikmalaya,32.06,32,Gempabumi,0,0,0,0,1,0,0,0
3f19e1d0-3cef-416b-bccc-a9ae07bce81e,2013-10-22,2013,10,Aceh,Pidie,11.07,11,Gempabumi,1,0,2,3070,687,1,0,0
2101b4fd-b4df-4fc4-a0ed-44ec6d943b84,2013-07-13,2013,7,Jawa Barat,Kuningan,32.08,32,Gempabumi,0,0,0,0,0,0,181,0
c363565d-46f7-4baf-8986-65a341f38a97,2013-07-13,2013,7,Jawa Tengah,Brebes,33.29,33,Gempabumi,0,0,0,36,2,0,43,0
24770522-a110-40c8-9170-2a6ec17b5ff9,2013-07-08,2013,7,Jawa Timur,Malang,35.07,35,Gempabumi,0,0,1,0,50,0,27,0
316c157c-0411-4148-96fa-6994c8bc23fd,2013-07-08,2013,7,Jawa Timur,Lumajang,35.08,35,Gempabumi,0,0,0,0,1,0,5,0
ceee75cf-c7ec-4b6a-a14f-74a799280e18,2013-07-08,2013,7,Jawa Timur,Banyuwangi,35.10,35,Gempabumi,0,0,0,0,0,0,0,0
5fbca455-a442-4ca4-812e-d316fa74c2d9,2013-07-02,2013,7,Aceh,Aceh Tengah,11.04,11,Gempabumi,35,0,2418,48563,5450,2420,6101,0
672e3e72-92b6-49ad-8476-9f2621b8e977,2013-07-02,2013,7,Aceh,Bener Meriah,11.17,11,Gempabumi,8,0,114,4776,1132,1270,2638,0
43a23be5-a81f-437e-8105-151d6f6e2365,2013-06-22,2013,6,Nusa Tenggara Barat,Lombok Barat,52.01,52,Gempabumi,0,0,29,0,0,0,0,0
0b04d7e9-315c-49f7-bbfc-3b0e985c2fad,2013-04-19,2013,4,Jawa Tengah,Banjarnegara,33.04,33,Gempabumi,0,0,1,5000,108,0,64,0
3ab8e09c-1de1-4469-a765-790e0aad40ee,2013-01-22,2013,1,Aceh,Pidie,11.07,11,Gempabumi,1,0,7,0,150,100,0,0
19450c1c-e145-4839-b36e-11350f86d4cc,2012-10-12,2012,10,Maluku,Kepulauan Aru,81.07,81,Gempabumi,0,0,0,0,0,0,0,0
90ae240b-37dc-401d-8598-ceb35ffd2de2,2012-09-09,2012,9,Jawa Barat,Bogor,32.01,32,Gempabumi,0,0,3,115,54,71,218,0
18a210c7-40f4-414b-86fc-a8653cd0f9e8,2012-09-09,2012,9,Jawa Barat,Sukabumi,32.02,32,Gempabumi,0,0,0,0,4,9,193,0
0a8a1620-9538-4809-bb13-4912174f0b44,2012-08-18,2012,8,Sulawesi Tengah,Parigi Moutong,72.08,72,Gempabumi,5,0,694,0,527,311,788,0
60df52ff-f596-4aea-9532-71db33faca17,2012-07-25,2012,7,Aceh,Simeulue,11.09,11,Gempabumi,1,0,0,0,0,0,0,0
acee13c1-b829-49e6-bc55-7111fd7ffa15,2012-06-27,2012,6,Nusa Tenggara Timur,Manggarai Barat,53.15,53,Gempabumi,0,0,0,0,0,0,298,0
8438b3c7-80aa-47c8-825a-432de09162a7,2012-06-23,2012,6,Aceh,Kota Subulussalam,11.75,11,Gempabumi,0,0,0,0,0,3,1,0
76adbc42-1a0e-4c2b-a8a3-0273d3ef3474,2012-06-11,2012,6,Aceh,Kota Subulussalam,11.75,11,Gempabumi,0,0,0,0,0,5,1,0
4395d136-e3e0-445d-b7af-4282be62eb0f,2012-06-04,2012,6,Jawa Barat,Sukabumi,32.02,32,Gempabumi,0,0,2,444,26,221,365,0
d45d930b-3945-4bbc-9dab-db08ed415a29,2012-04-21,2012,4,Papua Barat,Manokwari,92.02,92,Gempabumi,0,0,0,0,26,44,0,0
5b004ae4-3944-4bc9-9684-ff1718c8f846,2012-03-21,2012,3,Aceh,Kota Langsa,11.74,11,Gempabumi,0,0,0,0,0,0,5,0
629dbb08-4b80-4f4a-ab06-df07e93319c3,2012-03-05,2012,3,Aceh,Bener Meriah,11.17,11,Gempabumi,0,0,0,0,0,0,5,0
e976f5cb-65d3-49b0-a750-f1f4dcb8a5d8,2012-03-05,2012,3,Aceh,Kota Langsa,11.74,11,Gempabumi,0,0,0,0,0,0,7,0
5f937729-04f3-4239-a6b2-e2b9202bf8be,2012-02-22,2012,2,Aceh,Kota Langsa,11.74,11,Gempabumi,0,0,0,0,0,0,7,0
74c811a5-9a4a-4c77-94ee-0acc2d12adeb,2012-02-01,2012,2,Aceh,Nagan Raya,11.15,11,Gempabumi,0,0,0,18,19,0,138,0
323edb77-a22c-45e0-aed8-c1bdc15ac610,2012-02-01,2012,2,Bengkulu,Bengkulu Utara,17.03,17,Gempabumi,0,0,0,0,4,16,34,0
b63812e3-8157-4fa6-94b4-87e29145a176,2012-01-21,2012,1,Nusa Tenggara Timur,Manggarai Barat,53.15,53,Gempabumi,0,0,0,0,0,3,398,0
96ad4825-9998-4532-a6ab-3c7d66a95ba3,2011-10-13,2011,10,Jawa Timur,Jember,35.09,35,Gempabumi,0,0,0,0,2,1,0,0
1d910765-b7a2-499c-9aa2-f86cb2a26b5a,2011-10-13,2011,10,Jawa Timur,Banyuwangi,35.10,35,Gempabumi,0,0,0,0,17,2,30,0
5b553936-37f7-4c00-b747-b7e5a4ab3114,2011-10-13,2011,10,Bali,Jembrana,51.01,51,Gempabumi,0,0,0,0,0,0,14,0
7a2bcf6f-a1ea-4ecf-bfa2-3edbeccca459,2011-10-13,2011,10,Bali,Tabanan,51.02,51,Gempabumi,0,0,0,0,0,0,7,0
e9621337-0705-4902-9680-47257be03592,2011-10-13,2011,10,Bali,Badung,51.03,51,Gempabumi,0,0,0,0,0,0,0,0
d80eb55e-6efa-47a3-8f39-558d6c0897ff,2011-10-13,2011,10,Bali,Gianyar,51.04,51,Gempabumi,0,0,0,0,0,0,0,0
21902300-6891-4e8f-a95e-0764cdca3e35,2011-10-13,2011,10,Bali,Bangli,51.06,51,Gempabumi,0,0,0,0,0,0,1,0
e670e20f-16b8-492e-af7e-b3d5e946c537,2011-10-13,2011,10,Bali,Kota Denpasar,51.71,51,Gempabumi,0,0,90,0,1,4,29,0
ac04aa63-4d06-444f-b30d-f3b2f77acd82,2011-09-06,2011,9,Aceh,Aceh Singkil,11.10,11,Gempabumi,1,0,0,0,15,0,95,0
6e621362-489f-4d6c-8f65-b04efede3a55,2011-09-06,2011,9,Aceh,Kota Subulussalam,11.75,11,Gempabumi,1,0,0,0,381,0,2950,0
88a6851a-b2e5-4250-b6e4-f6c4004b2e1b,2011-09-06,2011,9,Sumatera Utara,Dairi,12.11,12,Gempabumi,1,0,11,0,216,97,380,0
2a40d7e3-ecb7-4a5f-824e-93ab09b0313b,2011-09-06,2011,9,Sumatera Utara,Humbang Hasundutan,12.16,12,Gempabumi,0,0,0,0,0,0,65,0
16d3cd14-f41b-405f-9079-a3c01a31a0c4,2011-09-06,2011,9,Sumatera Utara,Pakpak Bharat,12.15,12,Gempabumi,0,0,2,0,40,61,141,0
547a433f-e1a8-4213-82fe-de46a2b73032,2011-08-28,2011,8,Jawa Barat,Bandung,32.04,32,Gempabumi,0,0,0,0,0,30,73,0
5e9cee69-0847-4b0c-b205-2ae36eee6eb1,2011-08-06,2011,8,Bengkulu,Muko Muko,17.06,17,Gempabumi,0,0,0,0,0,0,40,0
87657a22-0a91-4eba-912a-e782ea1ddd19,2011-07-11,2011,7,Nusa Tenggara Timur,Alor,53.05,53,Gempabumi,0,0,0,0,2,0,0,0
6b98d443-dc2c-47f2-8f63-cd234770f3f7,2011-07-11,2011,7,Sulawesi Tenggara,Kota Kendari,74.71,74,Gempabumi,0,0,0,0,2,0,0,0
2d849b05-e047-4037-a672-5d2a23f37b61,2011-06-26,2011,6,Papua,Waropen,91.15,91,Gempabumi,2,0,10,0,976,0,0,0
e6d11df7-4ba0-4e9f-b6c4-3a74700b0c97,2011-06-14,2011,6,Sumatera Utara,Tapanuli Utara,12.02,12,Gempabumi,0,0,50,0,229,44,560,0
591f1489-f8a1-488d-8d94-4f9809b141ed,2011-06-05,2011,6,Jawa Tengah,Kebumen,33.05,33,Gempabumi,0,0,0,0,0,0,10,0
a541be7e-40d7-48d9-bb56-942dd1d414c4,2011-04-25,2011,4,Sulawesi Tenggara,Kota Kendari,74.71,74,Gempabumi,0,0,19,4000,270,119,344,0
298eff97-dfa7-4302-bec1-9f403c314a9a,2011-04-05,2011,4,Banten,Pandeglang,36.01,36,Gempabumi,0,0,0,0,1,0,2,0
a68fd60f-cfdc-4eb0-bde6-0d000352b760,2010-09-12,2010,9,Daerah Istimewa Yogyakarta,Bantul,34.02,34,Gempabumi,0,0,10,0,0,0,1,0
a4c31a1d-cf01-4865-a12a-f24c26a02ea5,2010-08-21,2010,8,Daerah Istimewa Yogyakarta,Bantul,34.02,34,Gempabumi,0,0,12,0,0,0,21,0
14ceefa1-258c-4a91-9c3a-ee52821d8daf,2010-06-26,2010,6,Jawa Barat,Tasikmalaya,32.06,32,Gempabumi,0,0,0,0,8,55,119,0
c3c167d6-b260-48f1-b6fc-8b46ca16914b,2010-06-26,2010,6,Jawa Tengah,Cilacap,33.01,33,Gempabumi,0,0,0,0,6,0,7,0
c03cb635-87bc-4c58-854d-98d8ddf8dbdd,2010-06-26,2010,6,Jawa Tengah,Cilacap,33.01,33,Gempabumi,0,0,0,0,7,0,7,0
3dc128ea-fb62-4b87-b534-a9428ea0f958,2010-06-16,2010,6,Sulawesi Barat,Pasangkayu,76.01,76,Gempabumi,1,0,139,0,164,63,128,0
59a2aa97-3ff4-426f-8b32-4a82051d335f,2010-06-16,2010,6,Papua,Biak Numfor,91.06,91,Gempabumi,17,0,106,4702,3020,1065,941,0
ec553036-5ec7-4555-932f-70bde4403a31,2010-05-18,2010,5,Jawa Barat,Sukabumi,32.02,32,Gempabumi,0,0,0,16,0,0,5,0
c0c4d4a7-2ae8-4d4b-810c-793068b2c79d,2010-05-18,2010,5,Jawa Barat,Sukabumi,32.02,32,Gempabumi,0,0,0,0,0,0,4,0
ba3b44ee-022d-4844-ae97-577ed92a364c,2010-05-09,2010,5,Aceh,Simeulue,11.09,11,Gempabumi,0,0,9,0,2,0,47,0
94816a6f-0886-48e7-a7a1-8c3c2f55ef07,2010-05-09,2010,5,Aceh,Aceh Barat,11.05,11,Gempabumi,0,0,0,0,3,0,5,0
780898a5-86f3-432d-a69a-c68264ecf811,2010-05-09,2010,5,Aceh,Aceh Barat Daya,11.12,11,Gempabumi,0,0,0,0,0,0,14,0
a733d542-3282-44ab-93f4-2a6ca2800720,2010-05-09,2010,5,Aceh,Nagan Raya,11.15,11,Gempabumi,0,0,0,0,2,0,4,0
6c0202e8-7ac1-4afb-a877-b32f5a6a1794,2010-05-09,2010,5,Aceh,Aceh Jaya,11.14,11,Gempabumi,0,0,0,0,0,0,0,0
f6df2b13-016e-4fd6-97cb-195ee34f974f,2010-05-08,2010,5,Sulawesi Tengah,Banggai Kepulauan,72.07,72,Gempabumi,0,0,0,364,11,6,69,0
0e36c32c-67ee-4e5c-9202-f20fa558424e,2010-04-09,2010,4,Sumatera Utara,Tapanuli Utara,12.02,12,Gempabumi,0,0,0,0,12,10,43,0
a8287043-3c12-4aa0-a64c-939227dac88e,2010-04-07,2010,4,Aceh,Simeulue,11.09,11,Gempabumi,0,0,39,30,43,207,631,0
fd85f714-5016-4047-850f-dce73d9f0c61,2010-04-07,2010,4,Aceh,Aceh Singkil,11.10,11,Gempabumi,0,0,0,0,0,0,124,0
87aabd42-3278-444e-8b6f-1d0d5a16ef9a,2010-04-07,2010,4,Aceh,Kota Subulussalam,11.75,11,Gempabumi,0,0,0,0,2,1,25,0
c978a20c-e675-4c06-85e0-e4df4045350d,2010-03-14,2010,3,Maluku Utara,Halmahera Selatan,82.04,82,Gempabumi,0,0,0,0,7,0,32,0
459d9b9e-3f3f-4e98-b12c-0d163bda177e,2010-01-29,2010,1,Aceh,Bener Meriah,11.17,11,Gempabumi,0,0,0,455,20,0,103,0
c70d2cf7-176b-45b8-a0d4-afb286983b50,2010-01-28,2010,1,Aceh,Aceh Tengah,11.04,11,Gempabumi,0,0,4,0,101,0,480,0
015de1c6-12fb-4cd4-847b-70470d3d8046,2010-01-10,2010,1,Jawa Barat,Tasikmalaya,32.06,32,Gempabumi,1,0,2,0,6,0,29,0
68d64a19-6f2e-4ecc-b63f-977e75689bac,2010-01-01,2010,1,Nusa Tenggara Timur,Alor,53.05,53,Gempabumi,0,0,0,0,0,0,1,0
7849e07c-0073-4143-98db-e41db9349c90,2009-11-24,2009,11,Kalimantan Timur,Paser,64.01,64,Gempabumi,0,0,0,0,0,0,141,0
24ab6dfd-5e1f-4d23-8a68-5a35381f96fd,2009-11-09,2009,11,Nusa Tenggara Barat,Bima,52.06,52,Gempabumi,0,0,0,0,756,0,1208,0
d2971cac-27f1-4c88-a9dc-07d4cf4c5b0d,2009-11-09,2009,11,Nusa Tenggara Barat,Kota Bima,52.72,52,Gempabumi,2,0,3,0,491,0,3699,0
de28c53b-3cc9-413f-b27f-4acb7b0c8a30,2009-10-20,2009,10,Sulawesi Tenggara,Konawe,74.02,74,Gempabumi,0,0,0,1009,0,0,0,0
cdd067cc-d73f-405a-a2ea-04b585936a17,2009-10-20,2009,10,Sulawesi Tenggara,Konawe Selatan,74.05,74,Gempabumi,0,0,0,60,0,0,0,0
fe75c7f9-21de-4658-844b-6bdbe7163851,2009-10-20,2009,10,Sulawesi Tenggara,Konawe Utara,74.09,74,Gempabumi,0,0,0,1983,0,0,0,0
9b1f508f-d0d4-488c-9c71-b04dab4e8b06,2009-10-20,2009,10,Sulawesi Tenggara,Kota Kendari,74.71,74,Gempabumi,0,0,0,2554,0,0,0,0
94f26854-00d8-4691-a999-645d19f3e021,2009-10-16,2009,10,Banten,Pandeglang,36.01,36,Gempabumi,0,0,1,0,41,0,179,0
01b2332f-69df-4492-8624-b22767eb3ee9,2009-10-01,2009,10,Jambi,Kerinci,15.01,15,Gempabumi,3,0,26,7032,635,0,874,0
369a4140-b375-4b8a-af88-68d9e925d147,2009-09-30,2009,9,Sumatera Barat,Kepulauan Mentawai,13.09,13,Gempabumi,0,0,0,0,0,0,0,0
37a9be5f-7131-497c-91bf-663aff4704ea,2009-09-30,2009,9,Sumatera Barat,Pesisir Selatan,13.01,13,Gempabumi,9,0,27,0,2187,0,16685,0
2b74ae51-71e6-413f-a1e4-38d6748e229a,2009-09-30,2009,9,Sumatera Barat,Solok,13.02,13,Gempabumi,0,0,5,0,145,0,600,0
db46f960-f433-477a-9c20-bc085bcc1db2,2009-09-30,2009,9,Sumatera Barat,Tanah Datar,13.04,13,Gempabumi,0,0,0,0,29,0,105,0
4d234d7e-8768-4893-b19b-071fad4cdca7,2009-09-30,2009,9,Sumatera Barat,Padang Pariaman,13.05,13,Gempabumi,666,0,25,0,57771,0,30108,0
c05961c5-091c-48e1-bb1a-d1f2a3d30119,2009-09-30,2009,9,Sumatera Barat,Agam,13.06,13,Gempabumi,81,0,137,6554,11173,0,11971,0
459f4d50-7b18-4bfc-950a-f524504f6805,2009-09-30,2009,9,Sumatera Barat,Lima Puluh Kota,13.07,13,Gempabumi,0,0,0,0,0,0,0,0
1079c23f-094f-4719-9720-a3e6649e0cb2,2009-09-30,2009,9,Sumatera Barat,Pasaman,13.08,13,Gempabumi,0,0,0,0,171,0,920,0
8dbbe336-e04e-4d5e-a9ea-a75c2fbd6083,2009-09-30,2009,9,Sumatera Barat,Solok Selatan,13.11,13,Gempabumi,0,0,0,0,0,0,0,0
8722ce4d-3318-4e3f-a151-e8b033b5434f,2009-09-30,2009,9,Sumatera Barat,Pasaman Barat,13.12,13,Gempabumi,5,0,30,0,3240,0,5908,0
c3fb3d5e-6171-4d34-ba8d-ad50ae440e5e,2009-09-30,2009,9,Sumatera Barat,Kota Padang,13.71,13,Gempabumi,383,2,1202,0,37587,0,78891,0
cff8f8ce-a259-4ef8-a8cf-c1d7d8a488d0,2009-09-30,2009,9,Sumatera Barat,Kota Solok,13.72,13,Gempabumi,3,0,0,0,0,0,0,0
a499e0be-1396-4dfe-9db5-7c71e2de1969,2009-09-30,2009,9,Sumatera Barat,Kota Sawahlunto,13.73,13,Gempabumi,0,0,0,0,0,0,0,0
73611177-aff0-4fc2-9ede-e2ac03ef644f,2009-09-30,2009,9,Sumatera Barat,Kota Padang Panjang,13.74,13,Gempabumi,0,0,20,0,17,0,577,0
c3373fc8-85f8-43c2-a305-9abcc8598efb,2009-09-30,2009,9,Sumatera Barat,Kota Bukittinggi,13.75,13,Gempabumi,0,0,0,0,0,0,50,0
b368f022-a628-4dc0-900e-39d56ec5547d,2009-09-30,2009,9,Sumatera Barat,Kota Pariaman,13.77,13,Gempabumi,48,0,352,0,6685,0,6720,0
1cc5b63d-ac8f-49f5-b48f-ab4636e5ec7c,2009-09-02,2009,9,Jawa Barat,Bogor,32.01,32,Gempabumi,2,0,17,663,396,0,1743,0
04c3d75f-986f-41fb-a863-75d68e18d973,2009-09-02,2009,9,Jawa Barat,Sukabumi,32.02,32,Gempabumi,2,0,14,1029,669,0,24391,0
ad3ac189-b86a-47b4-8c65-c95e9b59018f,2009-09-02,2009,9,Jawa Barat,Cianjur,32.03,32,Gempabumi,28,42,21,10047,5317,0,13348,0
4941e372-6606-4446-970b-d8e610f465d5,2009-09-02,2009,9,Jawa Barat,Bandung,32.04,32,Gempabumi,23,0,771,75805,15538,0,30591,0
b764776d-3da8-4c04-98a8-51a27a50db92,2009-09-02,2009,9,Jawa Barat,Garut,32.05,32,Gempabumi,8,0,190,40894,13139,0,32736,0
1bd23498-359d-4487-b024-939bb63518a1,2009-09-02,2009,9,Jawa Barat,Tasikmalaya,32.06,32,Gempabumi,5,0,109,33962,11484,0,30597,0
ee5db92b-bed4-4fb7-876e-3212eb1243f4,2009-09-02,2009,9,Jawa Barat,Ciamis,32.07,32,Gempabumi,8,0,123,26400,14081,0,27372,0
7fe7fb83-edc4-4d9c-a5b4-54bb5f55b074,2009-09-02,2009,9,Jawa Barat,Kuningan,32.08,32,Gempabumi,0,0,0,249,122,0,617,0
a64f2f55-7ebe-4280-b3a4-b0a8f7e67567,2009-09-02,2009,9,Jawa Barat,Majalengka,32.10,32,Gempabumi,0,0,0,0,249,0,1535,0
a42a8137-35c3-408a-ad91-98df40a3837e,2009-09-02,2009,9,Jawa Barat,Subang,32.13,32,Gempabumi,0,0,0,0,4,0,99,0
8f5d10e4-c4d4-486c-9bb9-950cb971524e,2009-09-02,2009,9,Jawa Barat,Purwakarta,32.14,32,Gempabumi,0,0,0,0,0,0,98,0
b252ea30-db75-4059-893c-c1ceeb9ef9eb,2009-09-02,2009,9,Jawa Barat,Bandung Barat,32.17,32,Gempabumi,0,0,16,2369,2179,0,5602,0
af052f77-8598-4af8-a2af-dbe52f67a0f7,2009-09-02,2009,9,Jawa Barat,Kota Sukabumi,32.72,32,Gempabumi,0,0,0,0,191,0,1752,0
a44870d6-52b7-4043-8a42-4493f7fbdbed,2009-09-02,2009,9,Jawa Barat,Kota Tasikmalaya,32.78,32,Gempabumi,5,0,22,3387,2116,0,7454,0
44b060e4-3382-4544-a28e-86acc6f85068,2009-09-02,2009,9,Jawa Barat,Kota Banjar,32.79,32,Gempabumi,0,0,4,0,158,0,838,0
4e8f4721-2efa-4474-8277-8a13f2ee62ab,2009-09-02,2009,9,Jawa Tengah,Cilacap,33.01,33,Gempabumi,0,0,10,1348,1220,0,2900,0
cf3884ba-7e6a-4c20-999a-f2985672a3fe,2009-08-16,2009,8,Sumatera Barat,Kepulauan Mentawai,13.09,13,Gempabumi,0,0,0,0,20,0,0,0
bbc701cc-eba7-41a9-b8f6-fd0e090ac932,2009-08-16,2009,8,Sumatera Barat,Kota Padang,13.71,13,Gempabumi,0,0,14,0,0,0,0,0
1641dc30-4c49-440a-a055-0c53caa6efa4,2009-05-15,2009,5,Nusa Tenggara Timur,Timor Tengah Utara,53.03,53,Gempabumi,0,0,0,70,10,0,1,0
1353d610-80b9-4cd5-9f9e-f7445eb46c8a,2009-02-12,2009,2,Sulawesi Utara,Kepulauan Talaud,71.04,71,Gempabumi,1,0,74,6100,645,0,775,0
eb5e7e51-0eb3-4456-898a-90f92b81d815,2009-01-04,2009,1,Papua Barat,Manokwari,92.02,92,Gempabumi,1,0,471,17449,1709,0,344,0
bd24ea68-98e1-414b-87de-0b1d58e2876f,2008-09-09,2008,9,Sumatera Selatan,Lahat,16.04,16,Gempabumi,1,0,29,0,194,0,682,0
bf85929b-782c-4a8a-b857-fc180e6ec957,2008-08-07,2008,8,Nusa Tenggara Barat,Sumbawa,52.04,52,Gempabumi,0,0,0,0,7,0,103,0
2f41b224-7baa-4d1b-b496-334b407538cf,2008-08-07,2008,8,Nusa Tenggara Barat,Dompu,52.05,52,Gempabumi,0,0,11,0,394,0,1002,0
56fca1f0-476e-41d4-9eb5-db8590680fef,2008-08-07,2008,8,Nusa Tenggara Barat,Bima,52.06,52,Gempabumi,0,0,0,0,0,0,75,0
e96e18cd-ec25-4df7-962f-b5e287f709fd,2008-06-18,2008,6,Maluku,Maluku Tengah,81.01,81,Gempabumi,0,0,0,300,0,0,20,0
e7620f92-013a-4e94-8365-9ec14586befa,2008-05-19,2008,5,Sumatera Utara,Tapanuli Selatan,12.03,12,Gempabumi,0,0,0,0,0,0,18,0
87185275-0dfb-433d-a648-9ca2dcfbd38e,2008-05-19,2008,5,Sumatera Utara,Tapanuli Utara,12.02,12,Gempabumi,0,0,200,300,75,0,241,0
a7f8097d-7d85-4bee-854c-8c643c4c09c3,2008-02-25,2008,2,Sumatera Barat,Kepulauan Mentawai,13.09,13,Gempabumi,2,0,2,500,182,0,161,0
b35575b2-bef6-4b99-af8b-b81c79bb7971,2008-02-25,2008,2,Sumatera Barat,Pesisir Selatan,13.01,13,Gempabumi,0,0,0,0,0,0,2,0
55949a7e-c9e7-4976-a7e3-31628a7e89c6,2008-02-20,2008,2,Aceh,Simeulue,11.09,11,Gempabumi,4,0,88,24,671,0,2419,0
9daeb853-b619-445d-8b64-27de5e0f7505,2008-02-05,2008,2,Sulawesi Barat,Mamuju,76.02,76,Gempabumi,0,0,2,0,0,0,0,0
195fb76d-7352-4862-a8f0-7a9158a08fbf,2008-01-23,2008,1,Sumatera Utara,Nias,12.04,12,Gempabumi,1,0,5,0,4,0,1,0
d80213c6-e088-4b68-b438-fc76273a2d4c,2008-01-07,2008,1,Papua Barat,Manokwari,92.02,92,Gempabumi,0,0,38,238,37,0,17,0
